,pid,eid,probe,lab,subject,institute,lab_number,region,date,n_channels,region_yield,total_yield,lfp_power,lfp_theta_power,lfp_power_raw,lfp_theta_power_raw,rms_ap_p90,n_trials,behavior,age_at_recording,n_sess_before_recording
1,0b8ea3ec-e75b-41a1-9442-64f5fbc11a5a,a4a74102-2af5-45dc-9e41-ef7f5aed88be,probe00,mainenlab,ZFM-02368,CCU,Lab 2,PPC,2021-06-01,50,13,0.35833333333333334,-164.15071667734716,-137.83770520273777,-178.7859,-156.55258,19.696739909176603,408,True,163,54
2,0b8ea3ec-e75b-41a1-9442-64f5fbc11a5a,a4a74102-2af5-45dc-9e41-ef7f5aed88be,probe00,mainenlab,ZFM-02368,CCU,Lab 2,CA1,2021-06-01,54,1,0.35833333333333334,-157.9900151347401,-133.1420514483975,-168.6949,-139.91098,13.599018163327345,408,True,163,54
3,0b8ea3ec-e75b-41a1-9442-64f5fbc11a5a,a4a74102-2af5-45dc-9e41-ef7f5aed88be,probe00,mainenlab,ZFM-02368,CCU,Lab 2,DG,2021-06-01,58,3,0.35833333333333334,-151.66643388252632,-126.8418604972219,-154.7246,-122.454216,15.541406539716228,408,True,163,54
4,0b8ea3ec-e75b-41a1-9442-64f5fbc11a5a,a4a74102-2af5-45dc-9e41-ef7f5aed88be,probe00,mainenlab,ZFM-02368,CCU,Lab 2,LP,2021-06-01,56,33,0.35833333333333334,-179.38366453370529,-158.28566387103788,-169.98792,-137.67625,24.56046619072898,408,True,163,54
5,0b8ea3ec-e75b-41a1-9442-64f5fbc11a5a,a4a74102-2af5-45dc-9e41-ef7f5aed88be,probe00,mainenlab,ZFM-02368,CCU,Lab 2,PO,2021-06-01,46,45,0.35833333333333334,-183.06938227634086,-166.31546773352073,-171.76743,-139.7224,25.64384245922792,408,True,163,54
6,e42e948c-3154-45cb-bf52-408b7cda0f2f,d57df551-6dcb-4242-9c72-b806cff5613a,probe00,churchlandlab_ucla,UCLA005,UCLA,Lab 10,PPC,2021-08-02,0,0,0.08787878787878788,,,-171.76743,-139.7224,0.0,772,True,181,68
7,e42e948c-3154-45cb-bf52-408b7cda0f2f,d57df551-6dcb-4242-9c72-b806cff5613a,probe00,churchlandlab_ucla,UCLA005,UCLA,Lab 10,CA1,2021-08-02,28,1,0.08787878787878788,-164.3416911472132,-138.50682421475292,-157.66438,-138.35657,17.4047938585874,772,True,181,68
8,e42e948c-3154-45cb-bf52-408b7cda0f2f,d57df551-6dcb-4242-9c72-b806cff5613a,probe00,churchlandlab_ucla,UCLA005,UCLA,Lab 10,DG,2021-08-02,72,2,0.08787878787878788,-160.21900014411014,-136.50446782175635,-154.76962,-132.81989,18.392781528455096,772,True,181,68
9,e42e948c-3154-45cb-bf52-408b7cda0f2f,d57df551-6dcb-4242-9c72-b806cff5613a,probe00,churchlandlab_ucla,UCLA005,UCLA,Lab 10,LP,2021-08-02,0,0,0.08787878787878788,,,-154.76962,-132.81989,0.0,772,True,181,68
10,e42e948c-3154-45cb-bf52-408b7cda0f2f,d57df551-6dcb-4242-9c72-b806cff5613a,probe00,churchlandlab_ucla,UCLA005,UCLA,Lab 10,PO,2021-08-02,0,0,0.08787878787878788,,,-154.76962,-132.81989,0.0,772,True,181,68
11,ce397420-3cd2-4a55-8fd1-5e28321981f4,56b57c38-2699-4091-90a8-aba35103155e,probe01,mrsicflogellab,SWC_054,SWC,Lab 6,PPC,2020-10-05,46,28,0.3960674157303371,-170.04409962385915,-141.0444636786634,-184.58458,-150.10147,13.778848911583328,571,True,146,50
12,ce397420-3cd2-4a55-8fd1-5e28321981f4,56b57c38-2699-4091-90a8-aba35103155e,probe01,mrsicflogellab,SWC_054,SWC,Lab 6,CA1,2020-10-05,56,8,0.3960674157303371,-158.55132865288078,-130.442982531229,-166.22807,-132.07951,16.420005958827765,571,True,146,50
13,ce397420-3cd2-4a55-8fd1-5e28321981f4,56b57c38-2699-4091-90a8-aba35103155e,probe01,mrsicflogellab,SWC_054,SWC,Lab 6,DG,2020-10-05,70,6,0.3960674157303371,-153.1449000705531,-128.33398371487507,-155.58247,-125.47493,16.227814768536927,571,True,146,50
14,ce397420-3cd2-4a55-8fd1-5e28321981f4,56b57c38-2699-4091-90a8-aba35103155e,probe01,mrsicflogellab,SWC_054,SWC,Lab 6,LP,2020-10-05,56,35,0.3960674157303371,-184.43769604201478,-158.4215685918892,-176.04083,-142.89763,16.865475008690566,571,True,146,50
15,ce397420-3cd2-4a55-8fd1-5e28321981f4,56b57c38-2699-4091-90a8-aba35103155e,probe01,mrsicflogellab,SWC_054,SWC,Lab 6,PO,2020-10-05,46,38,0.3960674157303371,-189.708597662773,-168.16733507758917,-180.62053,-147.70949,19.23674674378339,571,True,146,50
16,b83407f8-8220-46f9-9b90-a4c9f150c572,bb099402-fb31-4cfd-824e-1c97530a0875,probe00,churchlandlab_ucla,UCLA017,UCLA,Lab 10,PPC,2021-11-16,0,0,0.18387096774193548,,,-180.62053,-147.70949,0.0,665,True,245,107
17,b83407f8-8220-46f9-9b90-a4c9f150c572,bb099402-fb31-4cfd-824e-1c97530a0875,probe00,churchlandlab_ucla,UCLA017,UCLA,Lab 10,CA1,2021-11-16,0,0,0.18387096774193548,,,-180.62053,-147.70949,0.0,665,True,245,107
18,b83407f8-8220-46f9-9b90-a4c9f150c572,bb099402-fb31-4cfd-824e-1c97530a0875,probe00,churchlandlab_ucla,UCLA017,UCLA,Lab 10,DG,2021-11-16,0,0,0.18387096774193548,,,-180.62053,-147.70949,0.0,665,True,245,107
19,b83407f8-8220-46f9-9b90-a4c9f150c572,bb099402-fb31-4cfd-824e-1c97530a0875,probe00,churchlandlab_ucla,UCLA017,UCLA,Lab 10,LP,2021-11-16,0,0,0.18387096774193548,,,-180.62053,-147.70949,0.0,665,True,245,107
20,b83407f8-8220-46f9-9b90-a4c9f150c572,bb099402-fb31-4cfd-824e-1c97530a0875,probe00,churchlandlab_ucla,UCLA017,UCLA,Lab 10,PO,2021-11-16,0,0,0.18387096774193548,,,-180.62053,-147.70949,0.0,665,True,245,107
21,f4bd76a6-66c9-41f3-9311-6962315f8fc8,72cb5550-43b4-4ef0-add5-e4adfdfb5e02,probe00,mainenlab,ZFM-02369,CCU,Lab 2,PPC,2021-05-19,42,4,0.2514124293785311,-165.55387024034707,-136.00455946531682,-179.61028,-146.18665,20.56324430335885,733,True,150,46
22,f4bd76a6-66c9-41f3-9311-6962315f8fc8,72cb5550-43b4-4ef0-add5-e4adfdfb5e02,probe00,mainenlab,ZFM-02369,CCU,Lab 2,CA1,2021-05-19,56,0,0.2514124293785311,-155.36767781866098,-125.79160962168308,-157.08482,-120.05952,15.844562602092255,733,True,150,46
23,f4bd76a6-66c9-41f3-9311-6962315f8fc8,72cb5550-43b4-4ef0-add5-e4adfdfb5e02,probe00,mainenlab,ZFM-02369,CCU,Lab 2,DG,2021-05-19,52,6,0.2514124293785311,-156.1075281773096,-133.56131957557807,-152.49742,-123.05541,17.640394039547555,733,True,150,46
24,f4bd76a6-66c9-41f3-9311-6962315f8fc8,72cb5550-43b4-4ef0-add5-e4adfdfb5e02,probe00,mainenlab,ZFM-02369,CCU,Lab 2,LP,2021-05-19,60,22,0.2514124293785311,-185.72229949696793,-163.65256568654314,-170.04773,-137.73196,20.443340128017745,733,True,150,46
25,f4bd76a6-66c9-41f3-9311-6962315f8fc8,72cb5550-43b4-4ef0-add5-e4adfdfb5e02,probe00,mainenlab,ZFM-02369,CCU,Lab 2,PO,2021-05-19,94,52,0.2514124293785311,-185.29928089672052,-170.12471004204653,-172.57938,-141.22655,25.713870796019563,733,True,150,46
26,3d3d5a5e-df26-43ee-80b6-2d72d85668a5,0c828385-6dd6-4842-a702-c5075f5f5e81,probe00,churchlandlab_ucla,UCLA015,UCLA,Lab 10,PPC,2022-03-31,0,0,0.23121387283236994,,,-172.57938,-141.22655,0.0,610,True,380,185
27,3d3d5a5e-df26-43ee-80b6-2d72d85668a5,0c828385-6dd6-4842-a702-c5075f5f5e81,probe00,churchlandlab_ucla,UCLA015,UCLA,Lab 10,CA1,2022-03-31,56,6,0.23121387283236994,-162.84592682356995,-136.5510628502249,-156.84935,-129.3346,12.50208562016101,610,True,380,185
28,3d3d5a5e-df26-43ee-80b6-2d72d85668a5,0c828385-6dd6-4842-a702-c5075f5f5e81,probe00,churchlandlab_ucla,UCLA015,UCLA,Lab 10,DG,2022-03-31,66,5,0.23121387283236994,-154.9182184991541,-130.62977328652983,-151.93335,-123.63695,13.781855134718063,610,True,380,185
29,3d3d5a5e-df26-43ee-80b6-2d72d85668a5,0c828385-6dd6-4842-a702-c5075f5f5e81,probe00,churchlandlab_ucla,UCLA015,UCLA,Lab 10,LP,2022-03-31,18,8,0.23121387283236994,-184.2971150775478,-159.67655835215177,-159.84348,-133.5742,14.891297336720283,610,True,380,185
30,3d3d5a5e-df26-43ee-80b6-2d72d85668a5,0c828385-6dd6-4842-a702-c5075f5f5e81,probe00,churchlandlab_ucla,UCLA015,UCLA,Lab 10,PO,2022-03-31,0,0,0.23121387283236994,,,-159.84348,-133.5742,0.0,610,True,380,185
31,e31b4e39-e350-47a9-aca4-72496d99ff2a,746d1902-fa59-4cab-b0aa-013be36060d5,probe00,mainenlab,ZFM-01592,CCU,Lab 2,PPC,2020-10-20,0,0,0.44324324324324327,,,-159.84348,-133.5742,0.0,660,True,128,27
32,e31b4e39-e350-47a9-aca4-72496d99ff2a,746d1902-fa59-4cab-b0aa-013be36060d5,probe00,mainenlab,ZFM-01592,CCU,Lab 2,CA1,2020-10-20,26,5,0.44324324324324327,-160.60158663959922,-137.7246323408462,-164.73839,-131.63345,16.822232280099,660,True,128,27
33,e31b4e39-e350-47a9-aca4-72496d99ff2a,746d1902-fa59-4cab-b0aa-013be36060d5,probe00,mainenlab,ZFM-01592,CCU,Lab 2,DG,2020-10-20,62,6,0.44324324324324327,-154.87478281976777,-129.5548387456908,-154.6627,-120.136185,16.770225743918715,660,True,128,27
34,e31b4e39-e350-47a9-aca4-72496d99ff2a,746d1902-fa59-4cab-b0aa-013be36060d5,probe00,mainenlab,ZFM-01592,CCU,Lab 2,LP,2020-10-20,68,50,0.44324324324324327,-183.97106307878616,-165.05331782516714,-172.00609,-136.57071,23.09516338427702,660,True,128,27
35,e31b4e39-e350-47a9-aca4-72496d99ff2a,746d1902-fa59-4cab-b0aa-013be36060d5,probe00,mainenlab,ZFM-01592,CCU,Lab 2,PO,2020-10-20,84,62,0.44324324324324327,-189.61606579117483,-174.62972767530104,-176.07549,-141.42535,22.219038810676505,660,True,128,27
36,6fc4d73c-2071-43ec-a756-c6c6d8322c8b,dac3a4c1-b666-4de0-87e8-8c514483cacf,probe01,hoferlab,SWC_060,SWC,Lab 6,PPC,2020-11-24,68,0,0.12362637362637363,-171.2989182450531,-145.38824712311924,-190.15108,-164.49062,12.348751213820051,501,True,119,25
37,6fc4d73c-2071-43ec-a756-c6c6d8322c8b,dac3a4c1-b666-4de0-87e8-8c514483cacf,probe01,hoferlab,SWC_060,SWC,Lab 6,CA1,2020-11-24,58,1,0.12362637362637363,-161.061678480915,-136.1943871948411,-168.9518,-138.24579,17.990809485237513,501,True,119,25
38,6fc4d73c-2071-43ec-a756-c6c6d8322c8b,dac3a4c1-b666-4de0-87e8-8c514483cacf,probe01,hoferlab,SWC_060,SWC,Lab 6,DG,2020-11-24,72,2,0.12362637362637363,-158.24069284396637,-135.84445070224274,-157.88966,-127.74113,15.923618063338719,501,True,119,25
39,6fc4d73c-2071-43ec-a756-c6c6d8322c8b,dac3a4c1-b666-4de0-87e8-8c514483cacf,probe01,hoferlab,SWC_060,SWC,Lab 6,LP,2020-11-24,66,17,0.12362637362637363,-186.13667592343353,-165.4719786809279,-175.05879,-142.93835,18.17640831510549,501,True,119,25
40,6fc4d73c-2071-43ec-a756-c6c6d8322c8b,dac3a4c1-b666-4de0-87e8-8c514483cacf,probe01,hoferlab,SWC_060,SWC,Lab 6,PO,2020-11-24,56,18,0.12362637362637363,-186.5121153360996,-169.01707553245842,-177.34273,-145.58807,21.433675784458174,501,True,119,25
41,1e176f17-d00f-49bb-87ff-26d237b525f1,a8a8af78-16de-4841-ab07-fde4b5281a03,probe00,angelakilab,NYU-12,NYU,Lab 4,PPC,2020-01-22,52,10,0.12359550561797752,-171.5184460462906,-142.1766182135551,-181.12917,-144.71057,16.750530059145277,550,True,148,46
42,1e176f17-d00f-49bb-87ff-26d237b525f1,a8a8af78-16de-4841-ab07-fde4b5281a03,probe00,angelakilab,NYU-12,NYU,Lab 4,CA1,2020-01-22,46,4,0.12359550561797752,-162.9917463868729,-135.8139262641126,-169.12196,-135.60619,16.373963295614253,550,True,148,46
43,1e176f17-d00f-49bb-87ff-26d237b525f1,a8a8af78-16de-4841-ab07-fde4b5281a03,probe00,angelakilab,NYU-12,NYU,Lab 4,DG,2020-01-22,30,4,0.12359550561797752,-155.0246840642286,-126.94113125864594,-157.5085,-123.744,18.725309087994155,550,True,148,46
44,1e176f17-d00f-49bb-87ff-26d237b525f1,a8a8af78-16de-4841-ab07-fde4b5281a03,probe00,angelakilab,NYU-12,NYU,Lab 4,LP,2020-01-22,54,2,0.12359550561797752,-183.00335555493325,-165.6901163513742,-183.93803,-154.24156,21.5755088264514,550,True,148,46
45,1e176f17-d00f-49bb-87ff-26d237b525f1,a8a8af78-16de-4841-ab07-fde4b5281a03,probe00,angelakilab,NYU-12,NYU,Lab 4,PO,2020-01-22,2,0,0.12359550561797752,-187.65205655161458,-172.17452893320637,-184.19353,-155.08347,20.266260550406706,550,True,148,46
46,16799c7a-e395-435d-a4c4-a678007e1550,0a018f12-ee06-4b11-97aa-bbbff5448e9f,probe00,cortexlab,KS051,UCL,Lab 1,PPC,2021-05-11,60,28,0.2514124293785311,-167.40216056569352,-138.08854819997086,-184.42168,-149.4654,17.33329194627189,478,True,168,63
47,16799c7a-e395-435d-a4c4-a678007e1550,0a018f12-ee06-4b11-97aa-bbbff5448e9f,probe00,cortexlab,KS051,UCL,Lab 1,CA1,2021-05-11,56,7,0.2514124293785311,-155.3663417209437,-126.71255369931109,-163.45792,-127.81419,11.653818567955653,478,True,168,63
48,16799c7a-e395-435d-a4c4-a678007e1550,0a018f12-ee06-4b11-97aa-bbbff5448e9f,probe00,cortexlab,KS051,UCL,Lab 1,DG,2021-05-11,68,9,0.2514124293785311,-151.2966681346513,-127.35488703454645,-154.2301,-123.78705,11.961179765414068,478,True,168,63
49,16799c7a-e395-435d-a4c4-a678007e1550,0a018f12-ee06-4b11-97aa-bbbff5448e9f,probe00,cortexlab,KS051,UCL,Lab 1,LP,2021-05-11,62,24,0.2514124293785311,-185.1384663849691,-161.3462176283143,-174.74933,-139.78934,16.86923337978379,478,True,168,63
50,16799c7a-e395-435d-a4c4-a678007e1550,0a018f12-ee06-4b11-97aa-bbbff5448e9f,probe00,cortexlab,KS051,UCL,Lab 1,PO,2021-05-11,0,0,0.2514124293785311,,,-174.74933,-139.78934,0.0,478,True,168,63
51,b25799a5-09e8-4656-9c1b-44bc9cbb5279,d2832a38-27f6-452d-91d6-af72d794136c,probe00,wittenlab,ibl_witten_29,Princeton,Lab 5,PPC,2021-06-08,64,2,0.25136612021857924,-170.48638973299597,-144.3381777769718,-165.77777,-149.09364,11.091174548905794,663,True,252,91
52,b25799a5-09e8-4656-9c1b-44bc9cbb5279,d2832a38-27f6-452d-91d6-af72d794136c,probe00,wittenlab,ibl_witten_29,Princeton,Lab 5,CA1,2021-06-08,52,2,0.25136612021857924,-159.60427922899228,-134.6367023951206,-156.21228,-131.09152,13.989028524927754,663,True,252,91
53,b25799a5-09e8-4656-9c1b-44bc9cbb5279,d2832a38-27f6-452d-91d6-af72d794136c,probe00,wittenlab,ibl_witten_29,Princeton,Lab 5,DG,2021-06-08,58,5,0.25136612021857924,-154.09117937644805,-131.96646245329342,-150.4244,-126.10375,17.84947109290728,663,True,252,91
54,b25799a5-09e8-4656-9c1b-44bc9cbb5279,d2832a38-27f6-452d-91d6-af72d794136c,probe00,wittenlab,ibl_witten_29,Princeton,Lab 5,LP,2021-06-08,56,18,0.25136612021857924,-183.27119826652824,-161.58857889920122,-163.17502,-144.2366,16.63652543733319,663,True,252,91
55,b25799a5-09e8-4656-9c1b-44bc9cbb5279,d2832a38-27f6-452d-91d6-af72d794136c,probe00,wittenlab,ibl_witten_29,Princeton,Lab 5,PO,2021-06-08,90,55,0.25136612021857924,-186.9432377344761,-172.055399158901,-165.45131,-149.8377,24.897166165402247,663,True,252,91
56,c17772a9-21b5-49df-ab31-3017addea12e,6f09ba7e-e3ce-44b0-932b-c003fb44fb89,probe01,hoferlab,SWC_043,SWC,Lab 6,PPC,2020-09-16,40,0,0.2994350282485876,-186.60836987558935,-157.14179577890962,-191.4213,-151.47806,12.966090452471466,551,True,280,82
57,c17772a9-21b5-49df-ab31-3017addea12e,6f09ba7e-e3ce-44b0-932b-c003fb44fb89,probe01,hoferlab,SWC_043,SWC,Lab 6,CA1,2020-09-16,52,6,0.2994350282485876,-158.07439254310736,-131.41336214055704,-164.28305,-131.28372,20.9726151082334,551,True,280,82
58,c17772a9-21b5-49df-ab31-3017addea12e,6f09ba7e-e3ce-44b0-932b-c003fb44fb89,probe01,hoferlab,SWC_043,SWC,Lab 6,DG,2020-09-16,96,0,0.2994350282485876,-153.09067616526224,-128.24551838302548,-152.42268,-120.91657,21.07867389778238,551,True,280,82
59,c17772a9-21b5-49df-ab31-3017addea12e,6f09ba7e-e3ce-44b0-932b-c003fb44fb89,probe01,hoferlab,SWC_043,SWC,Lab 6,LP,2020-09-16,84,53,0.2994350282485876,-188.81376302192263,-171.0074019597365,-169.89558,-137.75316,22.349149247431225,551,True,280,82
60,c17772a9-21b5-49df-ab31-3017addea12e,6f09ba7e-e3ce-44b0-932b-c003fb44fb89,probe01,hoferlab,SWC_043,SWC,Lab 6,PO,2020-09-16,70,40,0.2994350282485876,-188.04468557557541,-167.56498390669987,-172.92026,-141.87907,23.676644863359375,551,True,280,82
61,0851db85-2889-4070-ac18-a40e8ebd96ba,73918ae1-e4fd-4c18-b132-00cb555b1ad2,probe01,wittenlab,ibl_witten_27,Princeton,Lab 5,PPC,2021-01-21,86,10,0.1079136690647482,-181.8379306921546,-155.22633784490714,-183.36931,-158.34053,16.163234720494035,625,True,191,69
62,0851db85-2889-4070-ac18-a40e8ebd96ba,73918ae1-e4fd-4c18-b132-00cb555b1ad2,probe01,wittenlab,ibl_witten_27,Princeton,Lab 5,CA1,2021-01-21,66,2,0.1079136690647482,-160.2062378528473,-136.39755509324442,-178.12639,-149.83603,16.340166861595247,625,True,191,69
63,0851db85-2889-4070-ac18-a40e8ebd96ba,73918ae1-e4fd-4c18-b132-00cb555b1ad2,probe01,wittenlab,ibl_witten_27,Princeton,Lab 5,DG,2021-01-21,52,1,0.1079136690647482,-157.75239145269083,-136.2951531820046,-163.86087,-137.70403,15.552051376853083,625,True,191,69
64,0851db85-2889-4070-ac18-a40e8ebd96ba,73918ae1-e4fd-4c18-b132-00cb555b1ad2,probe01,wittenlab,ibl_witten_27,Princeton,Lab 5,LP,2021-01-21,10,0,0.1079136690647482,-173.35003705088215,-148.9992519861849,-175.54561,-148.27054,15.683024844385702,625,True,191,69
65,0851db85-2889-4070-ac18-a40e8ebd96ba,73918ae1-e4fd-4c18-b132-00cb555b1ad2,probe01,wittenlab,ibl_witten_27,Princeton,Lab 5,PO,2021-01-21,0,0,0.1079136690647482,,,-175.54561,-148.27054,0.0,625,True,191,69
66,eeb27b45-5b85-4e5c-b6ff-f639ca5687de,f312aaec-3b6f-44b3-86b4-3a0c119c0438,probe00,churchlandlab,CSHL058,CSHL (C),Lab 3,PPC,2020-07-07,100,29,0.25872093023255816,-170.41532315317727,-144.6567080408726,-184.0694,-152.9836,14.171809844987772,626,True,266,75
67,eeb27b45-5b85-4e5c-b6ff-f639ca5687de,f312aaec-3b6f-44b3-86b4-3a0c119c0438,probe00,churchlandlab,CSHL058,CSHL (C),Lab 3,CA1,2020-07-07,46,2,0.25872093023255816,-159.72888107155995,-134.22870161493208,-166.57512,-135.4954,14.507992790470226,626,True,266,75
68,eeb27b45-5b85-4e5c-b6ff-f639ca5687de,f312aaec-3b6f-44b3-86b4-3a0c119c0438,probe00,churchlandlab,CSHL058,CSHL (C),Lab 3,DG,2020-07-07,50,0,0.25872093023255816,-151.7228480250034,-122.611015444437,-154.40038,-119.31023,16.066335848131203,626,True,266,75
69,eeb27b45-5b85-4e5c-b6ff-f639ca5687de,f312aaec-3b6f-44b3-86b4-3a0c119c0438,probe00,churchlandlab,CSHL058,CSHL (C),Lab 3,LP,2020-07-07,70,34,0.25872093023255816,-176.19325735291918,-153.80967907969094,-173.8545,-142.94838,23.53896905540395,626,True,266,75
70,eeb27b45-5b85-4e5c-b6ff-f639ca5687de,f312aaec-3b6f-44b3-86b4-3a0c119c0438,probe00,churchlandlab,CSHL058,CSHL (C),Lab 3,PO,2020-07-07,50,22,0.25872093023255816,-181.23089123789404,-162.05623944346044,-178.74496,-149.32317,20.89391678937618,626,True,266,75
71,69f42a9c-095d-4a25-bca8-61a9869871d3,dda5fc59-f09a-4256-9fb5-66c67667a466,probe00,churchlandlab,CSHL059,CSHL (C),Lab 3,PPC,2020-03-06,28,3,0.23765432098765432,-166.01162528374013,-139.67984880102176,-167.73283,-129.56285,15.10248953645778,751,True,143,38
72,69f42a9c-095d-4a25-bca8-61a9869871d3,dda5fc59-f09a-4256-9fb5-66c67667a466,probe00,churchlandlab,CSHL059,CSHL (C),Lab 3,CA1,2020-03-06,42,4,0.23765432098765432,-157.40868395233088,-132.71963464028426,-158.8096,-123.0276,15.772052397727355,751,True,143,38
73,69f42a9c-095d-4a25-bca8-61a9869871d3,dda5fc59-f09a-4256-9fb5-66c67667a466,probe00,churchlandlab,CSHL059,CSHL (C),Lab 3,DG,2020-03-06,60,8,0.23765432098765432,-149.8940520451857,-126.57325914764338,-148.2962,-114.919334,18.958207434242745,751,True,143,38
74,69f42a9c-095d-4a25-bca8-61a9869871d3,dda5fc59-f09a-4256-9fb5-66c67667a466,probe00,churchlandlab,CSHL059,CSHL (C),Lab 3,LP,2020-03-06,46,18,0.23765432098765432,-177.17764023346766,-151.9535164860152,-167.53654,-130.4598,18.20075801989521,751,True,143,38
75,69f42a9c-095d-4a25-bca8-61a9869871d3,dda5fc59-f09a-4256-9fb5-66c67667a466,probe00,churchlandlab,CSHL059,CSHL (C),Lab 3,PO,2020-03-06,0,0,0.23765432098765432,,,-167.53654,-130.4598,0.0,751,True,143,38
76,f03b61b4-6b13-479d-940f-d1608eb275cc,ee40aece-cffd-4edb-a4b6-155f158c666a,probe00,mainenlab,ZM_2241,CCU,Lab 2,PPC,2020-01-30,64,37,0.3898305084745763,-169.71601328913306,-140.68479607168769,-184.99834,-154.64832,21.34257149548065,994,True,171,46
77,f03b61b4-6b13-479d-940f-d1608eb275cc,ee40aece-cffd-4edb-a4b6-155f158c666a,probe00,mainenlab,ZM_2241,CCU,Lab 2,CA1,2020-01-30,46,8,0.3898305084745763,-159.110533406022,-131.10865790181853,-164.85558,-132.23874,17.92497731420321,994,True,171,46
78,f03b61b4-6b13-479d-940f-d1608eb275cc,ee40aece-cffd-4edb-a4b6-155f158c666a,probe00,mainenlab,ZM_2241,CCU,Lab 2,DG,2020-01-30,78,15,0.3898305084745763,-153.23698217871186,-127.44774117044238,-152.28978,-120.37322,17.382463519704473,994,True,171,46
79,f03b61b4-6b13-479d-940f-d1608eb275cc,ee40aece-cffd-4edb-a4b6-155f158c666a,probe00,mainenlab,ZM_2241,CCU,Lab 2,LP,2020-01-30,52,19,0.3898305084745763,-185.06376347605323,-160.31809462464096,-172.5398,-137.31473,18.721106930406517,994,True,171,46
80,f03b61b4-6b13-479d-940f-d1608eb275cc,ee40aece-cffd-4edb-a4b6-155f158c666a,probe00,mainenlab,ZM_2241,CCU,Lab 2,PO,2020-01-30,44,23,0.3898305084745763,-190.42168472960432,-176.76882339454355,-177.38036,-143.62805,23.723372025691575,994,True,171,46
81,b2746c16-7152-45a3-a7f0-477985638638,614e1937-4b24-4ad3-9055-c8253d089919,probe01,hoferlab,SWC_014,SWC,Lab 6,PPC,2019-12-10,58,12,0.29190751445086704,-166.2156416356749,-137.8982506676152,-184.88136,-149.0955,16.076572798840456,195,False,189,56
82,b2746c16-7152-45a3-a7f0-477985638638,614e1937-4b24-4ad3-9055-c8253d089919,probe01,hoferlab,SWC_014,SWC,Lab 6,CA1,2019-12-10,54,10,0.29190751445086704,-156.0982722871562,-129.43303062184586,-163.12039,-130.28346,16.969583791134646,195,False,189,56
83,b2746c16-7152-45a3-a7f0-477985638638,614e1937-4b24-4ad3-9055-c8253d089919,probe01,hoferlab,SWC_014,SWC,Lab 6,DG,2019-12-10,82,13,0.29190751445086704,-149.26562260133014,-124.6661563239983,-150.28491,-118.79163,15.693582487264267,195,False,189,56
84,b2746c16-7152-45a3-a7f0-477985638638,614e1937-4b24-4ad3-9055-c8253d089919,probe01,hoferlab,SWC_014,SWC,Lab 6,LP,2019-12-10,64,36,0.29190751445086704,-181.5543507105503,-159.87457022730445,-172.66548,-139.02954,26.565158467433868,195,False,189,56
85,b2746c16-7152-45a3-a7f0-477985638638,614e1937-4b24-4ad3-9055-c8253d089919,probe01,hoferlab,SWC_014,SWC,Lab 6,PO,2019-12-10,0,0,0.29190751445086704,,,-172.66548,-139.02954,0.0,195,False,189,56
86,f86e9571-63ff-4116-9c40-aa44d57d2da9,4b7fbad4-f6de-43b4-9b15-c7c7ef44db4b,probe00,churchlandlab,CSHL049,CSHL (C),Lab 3,PPC,2020-01-08,66,17,0.08379888268156424,-162.7263020044956,-134.36550932427545,-160.91734,-117.7493,18.71102425829284,842,True,155,44
87,f86e9571-63ff-4116-9c40-aa44d57d2da9,4b7fbad4-f6de-43b4-9b15-c7c7ef44db4b,probe00,churchlandlab,CSHL049,CSHL (C),Lab 3,CA1,2020-01-08,48,1,0.08379888268156424,-155.3752811915073,-127.95151155853205,-156.6576,-116.50884,14.42434664245333,842,True,155,44
88,f86e9571-63ff-4116-9c40-aa44d57d2da9,4b7fbad4-f6de-43b4-9b15-c7c7ef44db4b,probe00,churchlandlab,CSHL049,CSHL (C),Lab 3,DG,2020-01-08,60,2,0.08379888268156424,-150.43654472096696,-125.83299450937842,-147.73909,-111.82785,17.695013164657873,842,True,155,44
89,f86e9571-63ff-4116-9c40-aa44d57d2da9,4b7fbad4-f6de-43b4-9b15-c7c7ef44db4b,probe00,churchlandlab,CSHL049,CSHL (C),Lab 3,LP,2020-01-08,36,1,0.08379888268156424,-181.2203845613261,-152.01404970550468,-159.91461,-117.48303,13.666740959441212,842,True,155,44
90,f86e9571-63ff-4116-9c40-aa44d57d2da9,4b7fbad4-f6de-43b4-9b15-c7c7ef44db4b,probe00,churchlandlab,CSHL049,CSHL (C),Lab 3,PO,2020-01-08,0,0,0.08379888268156424,,,-159.91461,-117.48303,0.0,842,True,155,44
91,31f3e083-a324-4b88-b0a4-7788ec37b191,61e11a11-ab65-48fb-ae08-3cb80662e5d6,probe00,angelakilab,NYU-21,NYU,Lab 4,PPC,2020-08-10,84,9,0.12702702702702703,-168.95833877672405,-143.99386123766155,-180.65102,-153.79407,14.267828934979697,891,False,223,81
92,31f3e083-a324-4b88-b0a4-7788ec37b191,61e11a11-ab65-48fb-ae08-3cb80662e5d6,probe00,angelakilab,NYU-21,NYU,Lab 4,CA1,2020-08-10,68,5,0.12702702702702703,-160.4416885634771,-134.5774567806761,-166.28987,-135.39517,14.764024075658073,891,False,223,81
93,31f3e083-a324-4b88-b0a4-7788ec37b191,61e11a11-ab65-48fb-ae08-3cb80662e5d6,probe00,angelakilab,NYU-21,NYU,Lab 4,DG,2020-08-10,86,9,0.12702702702702703,-152.23041176415904,-128.50280598881383,-152.22841,-123.171394,17.731163325323354,891,False,223,81
94,31f3e083-a324-4b88-b0a4-7788ec37b191,61e11a11-ab65-48fb-ae08-3cb80662e5d6,probe00,angelakilab,NYU-21,NYU,Lab 4,LP,2020-08-10,86,10,0.12702702702702703,-183.11328387989306,-162.28282943057212,-173.93974,-145.93515,26.31541518141989,891,False,223,81
95,31f3e083-a324-4b88-b0a4-7788ec37b191,61e11a11-ab65-48fb-ae08-3cb80662e5d6,probe00,angelakilab,NYU-21,NYU,Lab 4,PO,2020-08-10,46,14,0.12702702702702703,-185.93423352305027,-170.26609626294498,-176.57346,-151.25298,28.823442835764418,891,False,223,81
96,f2ee886d-5b9c-4d06-a9be-ee7ae8381114,ecb5520d-1358-434c-95ec-93687ecd1396,probe00,churchlandlab,CSHL051,CSHL (C),Lab 3,PPC,2020-02-05,70,12,0.11538461538461539,-164.52924989355114,-132.4163153450369,-169.45793,-125.93327,13.54799454021803,510,True,176,57
97,f2ee886d-5b9c-4d06-a9be-ee7ae8381114,ecb5520d-1358-434c-95ec-93687ecd1396,probe00,churchlandlab,CSHL051,CSHL (C),Lab 3,CA1,2020-02-05,40,4,0.11538461538461539,-156.42197136942477,-128.35330185953708,-161.47621,-123.21128,14.052232959358552,510,True,176,57
98,f2ee886d-5b9c-4d06-a9be-ee7ae8381114,ecb5520d-1358-434c-95ec-93687ecd1396,probe00,churchlandlab,CSHL051,CSHL (C),Lab 3,DG,2020-02-05,76,6,0.11538461538461539,-153.62064804090468,-125.98969329847306,-156.29031,-119.61315,15.159052557797452,510,True,176,57
99,f2ee886d-5b9c-4d06-a9be-ee7ae8381114,ecb5520d-1358-434c-95ec-93687ecd1396,probe00,churchlandlab,CSHL051,CSHL (C),Lab 3,LP,2020-02-05,0,0,0.11538461538461539,,,-156.29031,-119.61315,0.0,510,True,176,57
100,f2ee886d-5b9c-4d06-a9be-ee7ae8381114,ecb5520d-1358-434c-95ec-93687ecd1396,probe00,churchlandlab,CSHL051,CSHL (C),Lab 3,PO,2020-02-05,0,0,0.11538461538461539,,,-156.29031,-119.61315,0.0,510,True,176,57
101,f26a6ab1-7e37-4f8d-bb50-295c056e1062,54238fd6-d2d0-4408-b1a9-d19d24fd29ce,probe00,danlab,DY_018,Berkeley,Lab 7,PPC,2020-10-15,74,14,0.18055555555555555,-177.9484857475343,-151.6785542636212,-192.33058,-150.5599,15.076801048856062,623,True,155,57
102,f26a6ab1-7e37-4f8d-bb50-295c056e1062,54238fd6-d2d0-4408-b1a9-d19d24fd29ce,probe00,danlab,DY_018,Berkeley,Lab 7,CA1,2020-10-15,48,4,0.18055555555555555,-167.10977524185117,-140.20566306177707,-175.88278,-138.01672,13.326104838867531,623,True,155,57
103,f26a6ab1-7e37-4f8d-bb50-295c056e1062,54238fd6-d2d0-4408-b1a9-d19d24fd29ce,probe00,danlab,DY_018,Berkeley,Lab 7,DG,2020-10-15,36,2,0.18055555555555555,-158.5519086685174,-130.5293398598558,-162.43063,-127.46967,15.209822922938274,623,True,155,57
104,f26a6ab1-7e37-4f8d-bb50-295c056e1062,54238fd6-d2d0-4408-b1a9-d19d24fd29ce,probe00,danlab,DY_018,Berkeley,Lab 7,LP,2020-10-15,24,7,0.18055555555555555,-186.81238191986014,-170.1407860285434,-184.2196,-149.33705,33.12556432372186,623,True,155,57
105,f26a6ab1-7e37-4f8d-bb50-295c056e1062,54238fd6-d2d0-4408-b1a9-d19d24fd29ce,probe00,danlab,DY_018,Berkeley,Lab 7,PO,2020-10-15,0,0,0.18055555555555555,,,-184.2196,-149.33705,0.0,623,True,155,57
106,f2a098e7-a67e-4125-92d8-36fc6b606c45,e45481fa-be22-4365-972c-e7404ed8ab5a,probe01,cortexlab,KS086,UCL,Lab 1,PPC,2022-03-15,60,15,0.1,-167.86005749765965,-139.39517013295426,-153.58641,-115.895454,15.135633200203172,525,True,210,75
107,f2a098e7-a67e-4125-92d8-36fc6b606c45,e45481fa-be22-4365-972c-e7404ed8ab5a,probe01,cortexlab,KS086,UCL,Lab 1,CA1,2022-03-15,54,9,0.1,-161.3947449072372,-133.75007477399973,-150.83438,-113.21422,13.837620670086611,525,True,210,75
108,f2a098e7-a67e-4125-92d8-36fc6b606c45,e45481fa-be22-4365-972c-e7404ed8ab5a,probe01,cortexlab,KS086,UCL,Lab 1,DG,2022-03-15,62,7,0.1,-156.9761307122829,-132.81751830718272,-148.39003,-113.01333,10.944851850795104,525,True,210,75
109,f2a098e7-a67e-4125-92d8-36fc6b606c45,e45481fa-be22-4365-972c-e7404ed8ab5a,probe01,cortexlab,KS086,UCL,Lab 1,LP,2022-03-15,14,0,0.1,-175.84156417228982,-149.88969420769018,-152.6789,-114.845726,9.294542693213595,525,True,210,75
110,f2a098e7-a67e-4125-92d8-36fc6b606c45,e45481fa-be22-4365-972c-e7404ed8ab5a,probe01,cortexlab,KS086,UCL,Lab 1,PO,2022-03-15,0,0,0.1,,,-152.6789,-114.845726,0.0,525,True,210,75
111,c4f6665f-8be5-476b-a6e8-d81eeae9279d,e535fb62-e245-4a48-b119-88ce62a6fe67,probe00,danlab,DY_013,Berkeley,Lab 7,PPC,2020-03-12,0,0,0.10344827586206896,,,-152.6789,-114.845726,0.0,434,True,141,34
112,c4f6665f-8be5-476b-a6e8-d81eeae9279d,e535fb62-e245-4a48-b119-88ce62a6fe67,probe00,danlab,DY_013,Berkeley,Lab 7,CA1,2020-03-12,56,4,0.10344827586206896,-179.10605075763456,-154.46196936943352,-185.13982,-151.29823,13.91466803489012,434,True,141,34
113,c4f6665f-8be5-476b-a6e8-d81eeae9279d,e535fb62-e245-4a48-b119-88ce62a6fe67,probe00,danlab,DY_013,Berkeley,Lab 7,DG,2020-03-12,62,0,0.10344827586206896,-184.714434604357,-158.75780279007714,-188.18767,-152.64612,10.20710238504299,434,True,141,34
114,c4f6665f-8be5-476b-a6e8-d81eeae9279d,e535fb62-e245-4a48-b119-88ce62a6fe67,probe00,danlab,DY_013,Berkeley,Lab 7,LP,2020-03-12,16,0,0.10344827586206896,-194.08480439249598,-172.33533082071864,-198.30547,-161.11699,9.842660341243452,434,True,141,34
115,c4f6665f-8be5-476b-a6e8-d81eeae9279d,e535fb62-e245-4a48-b119-88ce62a6fe67,probe00,danlab,DY_013,Berkeley,Lab 7,PO,2020-03-12,0,0,0.10344827586206896,,,-198.30547,-161.11699,0.0,434,True,141,34
116,57656bee-e32e-4848-b924-0f6f18cfdfb1,a66f1593-dafd-4982-9b66-f9554b6c86b5,probe00,zadorlab,CSH_ZAD_022,CSHL (Z),Lab 8,PPC,2020-05-23,96,1,0.046242774566473986,-177.88756101989682,-147.28696324094074,-181.03925,-158.17085,15.551071733879237,657,True,193,32
117,57656bee-e32e-4848-b924-0f6f18cfdfb1,a66f1593-dafd-4982-9b66-f9554b6c86b5,probe00,zadorlab,CSH_ZAD_022,CSHL (Z),Lab 8,CA1,2020-05-23,62,4,0.046242774566473986,-168.83787562372285,-142.7401904558565,-169.62302,-143.74208,18.17646771494876,657,True,193,32
118,57656bee-e32e-4848-b924-0f6f18cfdfb1,a66f1593-dafd-4982-9b66-f9554b6c86b5,probe00,zadorlab,CSH_ZAD_022,CSHL (Z),Lab 8,DG,2020-05-23,28,0,0.046242774566473986,-161.8858293744035,-132.66629300180998,-158.45769,-128.16238,15.942249762025204,657,True,193,32
119,57656bee-e32e-4848-b924-0f6f18cfdfb1,a66f1593-dafd-4982-9b66-f9554b6c86b5,probe00,zadorlab,CSH_ZAD_022,CSHL (Z),Lab 8,LP,2020-05-23,0,0,0.046242774566473986,,,-158.45769,-128.16238,0.0,657,True,193,32
120,57656bee-e32e-4848-b924-0f6f18cfdfb1,a66f1593-dafd-4982-9b66-f9554b6c86b5,probe00,zadorlab,CSH_ZAD_022,CSHL (Z),Lab 8,PO,2020-05-23,0,0,0.046242774566473986,,,-158.45769,-128.16238,0.0,657,True,193,32
121,1a60a6e1-da99-4d4e-a734-39b1d4544fad,51e53aff-1d5d-4182-a684-aba783d50ae5,probe00,angelakilab,NYU-45,NYU,Lab 4,PPC,2021-07-19,72,10,0.26902173913043476,-173.625840468512,-148.47284652455585,-185.89542,-137.35934,11.969732113744652,505,True,167,62
122,1a60a6e1-da99-4d4e-a734-39b1d4544fad,51e53aff-1d5d-4182-a684-aba783d50ae5,probe00,angelakilab,NYU-45,NYU,Lab 4,CA1,2021-07-19,56,7,0.26902173913043476,-162.91741561271965,-138.293171467735,-172.14742,-132.14348,13.690019147349979,505,True,167,62
123,1a60a6e1-da99-4d4e-a734-39b1d4544fad,51e53aff-1d5d-4182-a684-aba783d50ae5,probe00,angelakilab,NYU-45,NYU,Lab 4,DG,2021-07-19,76,8,0.26902173913043476,-156.0172224628375,-132.6379514073148,-159.99654,-126.31254,15.375037113003888,505,True,167,62
124,1a60a6e1-da99-4d4e-a734-39b1d4544fad,51e53aff-1d5d-4182-a684-aba783d50ae5,probe00,angelakilab,NYU-45,NYU,Lab 4,LP,2021-07-19,56,30,0.26902173913043476,-184.2411305502022,-162.7076936387555,-176.87798,-135.01987,16.73141885731521,505,True,167,62
125,1a60a6e1-da99-4d4e-a734-39b1d4544fad,51e53aff-1d5d-4182-a684-aba783d50ae5,probe00,angelakilab,NYU-45,NYU,Lab 4,PO,2021-07-19,96,40,0.26902173913043476,-189.2281621462498,-170.08464798990823,-180.47101,-137.4857,23.283347570654907,505,True,167,62
126,1f3d3fcb-f188-47a2-87e5-ac1db6cf393a,0cad7ea8-8e6c-4ad1-a5c5-53fbb2df1a63,probe01,cortexlab,KS045,UCL,Lab 1,PPC,2020-12-09,0,0,0.07183908045977011,,,-180.47101,-137.4857,0.0,314,False,154,50
127,1f3d3fcb-f188-47a2-87e5-ac1db6cf393a,0cad7ea8-8e6c-4ad1-a5c5-53fbb2df1a63,probe01,cortexlab,KS045,UCL,Lab 1,CA1,2020-12-09,68,3,0.07183908045977011,-156.18600668409695,-128.49388731010222,-159.42438,-121.83467,0.0,314,False,154,50
128,1f3d3fcb-f188-47a2-87e5-ac1db6cf393a,0cad7ea8-8e6c-4ad1-a5c5-53fbb2df1a63,probe01,cortexlab,KS045,UCL,Lab 1,DG,2020-12-09,50,2,0.07183908045977011,-159.4618912989292,-132.90232037607763,-159.92157,-124.4579,0.0,314,False,154,50
129,1f3d3fcb-f188-47a2-87e5-ac1db6cf393a,0cad7ea8-8e6c-4ad1-a5c5-53fbb2df1a63,probe01,cortexlab,KS045,UCL,Lab 1,LP,2020-12-09,0,0,0.07183908045977011,,,-159.92157,-124.4579,0.0,314,False,154,50
130,1f3d3fcb-f188-47a2-87e5-ac1db6cf393a,0cad7ea8-8e6c-4ad1-a5c5-53fbb2df1a63,probe01,cortexlab,KS045,UCL,Lab 1,PO,2020-12-09,0,0,0.07183908045977011,,,-159.92157,-124.4579,0.0,314,False,154,50
131,27bac116-ea57-4512-ad35-714a62d259cd,111c1762-7908-47e0-9f40-2f2ee55b6505,probe00,churchlandlab_ucla,UCLA033,UCLA,Lab 10,PPC,2022-02-15,0,0,0.25,,,-159.92157,-124.4579,0.0,724,True,224,61
132,27bac116-ea57-4512-ad35-714a62d259cd,111c1762-7908-47e0-9f40-2f2ee55b6505,probe00,churchlandlab_ucla,UCLA033,UCLA,Lab 10,CA1,2022-02-15,66,14,0.25,-159.80970747028633,-134.4545673622356,-165.36069,-133.50992,16.36894427608785,724,True,224,61
133,27bac116-ea57-4512-ad35-714a62d259cd,111c1762-7908-47e0-9f40-2f2ee55b6505,probe00,churchlandlab_ucla,UCLA033,UCLA,Lab 10,DG,2022-02-15,52,2,0.25,-155.59319063763675,-129.7558104484747,-159.96306,-128.49194,16.07477795598177,724,True,224,61
134,27bac116-ea57-4512-ad35-714a62d259cd,111c1762-7908-47e0-9f40-2f2ee55b6505,probe00,churchlandlab_ucla,UCLA033,UCLA,Lab 10,LP,2022-02-15,0,0,0.25,,,-159.96306,-128.49194,0.0,724,True,224,61
135,27bac116-ea57-4512-ad35-714a62d259cd,111c1762-7908-47e0-9f40-2f2ee55b6505,probe00,churchlandlab_ucla,UCLA033,UCLA,Lab 10,PO,2022-02-15,0,0,0.25,,,-159.96306,-128.49194,0.0,724,True,224,61
136,7d999a68-0215-4e45-8e6c-879c6ca2b771,0802ced5-33a3-405e-8336-b65ebc5cb07c,probe00,mainenlab,ZFM-02373,CCU,Lab 2,PPC,2021-06-23,94,1,0.2231638418079096,-167.91018810640097,-136.90711703161082,-175.11324,-144.63078,17.91942920335672,424,True,185,70
137,7d999a68-0215-4e45-8e6c-879c6ca2b771,0802ced5-33a3-405e-8336-b65ebc5cb07c,probe00,mainenlab,ZFM-02373,CCU,Lab 2,CA1,2021-06-23,58,2,0.2231638418079096,-158.52046436011588,-128.35486440557654,-163.56764,-127.550964,14.90728868947302,424,True,185,70
138,7d999a68-0215-4e45-8e6c-879c6ca2b771,0802ced5-33a3-405e-8336-b65ebc5cb07c,probe00,mainenlab,ZFM-02373,CCU,Lab 2,DG,2021-06-23,34,2,0.2231638418079096,-154.48568212067778,-124.44184092697373,-158.60326,-123.55904,15.41816083112446,424,True,185,70
139,7d999a68-0215-4e45-8e6c-879c6ca2b771,0802ced5-33a3-405e-8336-b65ebc5cb07c,probe00,mainenlab,ZFM-02373,CCU,Lab 2,LP,2021-06-23,54,26,0.2231638418079096,-176.42993704364852,-153.04296595848865,-172.28203,-138.57048,25.794782227478446,424,True,185,70
140,7d999a68-0215-4e45-8e6c-879c6ca2b771,0802ced5-33a3-405e-8336-b65ebc5cb07c,probe00,mainenlab,ZFM-02373,CCU,Lab 2,PO,2021-06-23,60,31,0.2231638418079096,-180.3019855982456,-160.9857451604201,-174.54982,-140.97466,26.27405962290804,424,True,185,70
141,9117969a-3f0d-478b-ad75-98263e3bfacf,b03fbc44-3d8e-4a6c-8a50-5ea3498568e0,probe00,danlab,DY_010,Berkeley,Lab 7,PPC,2020-01-27,84,28,0.31741573033707865,-175.61127071671194,-145.76705041903477,-188.86877,-149.95287,13.738465007570348,402,False,162,48
142,9117969a-3f0d-478b-ad75-98263e3bfacf,b03fbc44-3d8e-4a6c-8a50-5ea3498568e0,probe00,danlab,DY_010,Berkeley,Lab 7,CA1,2020-01-27,54,9,0.31741573033707865,-165.98040520590257,-138.10044694716777,-172.6429,-136.5467,16.72667514791876,402,False,162,48
143,9117969a-3f0d-478b-ad75-98263e3bfacf,b03fbc44-3d8e-4a6c-8a50-5ea3498568e0,probe00,danlab,DY_010,Berkeley,Lab 7,DG,2020-01-27,66,12,0.31741573033707865,-153.47170540988742,-128.13601274409373,-154.65483,-123.179375,20.347046120442567,402,False,162,48
144,9117969a-3f0d-478b-ad75-98263e3bfacf,b03fbc44-3d8e-4a6c-8a50-5ea3498568e0,probe00,danlab,DY_010,Berkeley,Lab 7,LP,2020-01-27,42,11,0.31741573033707865,-182.67743645913194,-158.47196778179284,-177.15137,-140.1624,19.56222828847442,402,False,162,48
145,9117969a-3f0d-478b-ad75-98263e3bfacf,b03fbc44-3d8e-4a6c-8a50-5ea3498568e0,probe00,danlab,DY_010,Berkeley,Lab 7,PO,2020-01-27,70,37,0.31741573033707865,-187.02291716911614,-168.29445037224116,-182.20763,-145.63777,22.94480463991581,402,False,162,48
146,6b6af675-e1ef-43a6-b408-95cfc71fe2cc,3f859b5c-e73a-4044-b49e-34bb81e96715,probe01,cortexlab,KS094,UCL,Lab 1,PPC,2022-06-17,26,0,0.30386740331491713,-174.2772748696736,-145.5408707441665,-165.53714,-116.00745,13.594866322866999,490,True,136,41
147,6b6af675-e1ef-43a6-b408-95cfc71fe2cc,3f859b5c-e73a-4044-b49e-34bb81e96715,probe01,cortexlab,KS094,UCL,Lab 1,CA1,2022-06-17,52,8,0.30386740331491713,-165.41376151001694,-137.6752641427449,-159.55772,-112.501274,15.696333494900555,490,True,136,41
148,6b6af675-e1ef-43a6-b408-95cfc71fe2cc,3f859b5c-e73a-4044-b49e-34bb81e96715,probe01,cortexlab,KS094,UCL,Lab 1,DG,2022-06-17,0,0,0.30386740331491713,,,-159.55772,-112.501274,0.0,490,True,136,41
149,6b6af675-e1ef-43a6-b408-95cfc71fe2cc,3f859b5c-e73a-4044-b49e-34bb81e96715,probe01,cortexlab,KS094,UCL,Lab 1,LP,2022-06-17,0,0,0.30386740331491713,,,-159.55772,-112.501274,0.0,490,True,136,41
150,6b6af675-e1ef-43a6-b408-95cfc71fe2cc,3f859b5c-e73a-4044-b49e-34bb81e96715,probe01,cortexlab,KS094,UCL,Lab 1,PO,2022-06-17,62,36,0.30386740331491713,-179.45981709789908,-155.36508733597557,-162.12772,-113.769424,26.41024101144967,490,True,136,41
151,febb430e-2d50-4f83-87a0-b5ffbb9a4943,db4df448-e449-4a6f-a0e7-288711e7a75a,probe00,danlab,DY_009,Berkeley,Lab 7,PPC,2020-02-27,0,0,0.2361111111111111,,,-162.12772,-113.769424,0.0,402,True,193,71
152,febb430e-2d50-4f83-87a0-b5ffbb9a4943,db4df448-e449-4a6f-a0e7-288711e7a75a,probe00,danlab,DY_009,Berkeley,Lab 7,CA1,2020-02-27,48,13,0.2361111111111111,-162.0773851242059,-132.7532369461053,-172.59163,-137.1534,16.068112136484466,402,True,193,71
153,febb430e-2d50-4f83-87a0-b5ffbb9a4943,db4df448-e449-4a6f-a0e7-288711e7a75a,probe00,danlab,DY_009,Berkeley,Lab 7,DG,2020-02-27,64,7,0.2361111111111111,-152.90106496874427,-127.77595148150061,-158.10918,-127.146736,21.149416583515915,402,True,193,71
154,febb430e-2d50-4f83-87a0-b5ffbb9a4943,db4df448-e449-4a6f-a0e7-288711e7a75a,probe00,danlab,DY_009,Berkeley,Lab 7,LP,2020-02-27,38,17,0.2361111111111111,-185.15007592063972,-160.74878623172626,-182.91132,-145.89978,15.42083974269216,402,True,193,71
155,febb430e-2d50-4f83-87a0-b5ffbb9a4943,db4df448-e449-4a6f-a0e7-288711e7a75a,probe00,danlab,DY_009,Berkeley,Lab 7,PO,2020-02-27,0,0,0.2361111111111111,,,-182.91132,-145.89978,0.0,402,True,193,71
156,ad714133-1e03-4d3a-8427-33fc483daf1a,8928f98a-b411-497e-aa4b-aa752434686d,probe01,cortexlab,KS096,UCL,Lab 1,PPC,2022-06-17,70,29,0.32320441988950277,-166.64839792996295,-141.26558553895433,-172.06009,-137.05559,14.965782188737979,663,True,136,35
157,ad714133-1e03-4d3a-8427-33fc483daf1a,8928f98a-b411-497e-aa4b-aa752434686d,probe01,cortexlab,KS096,UCL,Lab 1,CA1,2022-06-17,62,8,0.32320441988950277,-159.91875901901017,-134.34913021120397,-164.59232,-129.78058,13.173521186964065,663,True,136,35
158,ad714133-1e03-4d3a-8427-33fc483daf1a,8928f98a-b411-497e-aa4b-aa752434686d,probe01,cortexlab,KS096,UCL,Lab 1,DG,2022-06-17,78,10,0.32320441988950277,-151.28461923785022,-128.15788716966614,-152.56174,-121.903946,13.681647328782528,663,True,136,35
159,ad714133-1e03-4d3a-8427-33fc483daf1a,8928f98a-b411-497e-aa4b-aa752434686d,probe01,cortexlab,KS096,UCL,Lab 1,LP,2022-06-17,48,14,0.32320441988950277,-179.90678391520115,-158.13990578714942,-170.18935,-133.69748,20.04099574187884,663,True,136,35
160,ad714133-1e03-4d3a-8427-33fc483daf1a,8928f98a-b411-497e-aa4b-aa752434686d,probe01,cortexlab,KS096,UCL,Lab 1,PO,2022-06-17,88,54,0.32320441988950277,-183.44279933906262,-167.43820713713612,-172.60533,-136.34523,24.150970697935964,663,True,136,35
161,4b93a168-0f3b-4124-88fa-a57046ca70e1,7cb81727-2097-4b52-b480-c89867b5b34c,probe01,mrsicflogellab,SWC_052,SWC,Lab 6,PPC,2020-10-22,0,0,0.08285714285714285,,,-172.60533,-136.34523,0.0,658,True,163,68
162,4b93a168-0f3b-4124-88fa-a57046ca70e1,7cb81727-2097-4b52-b480-c89867b5b34c,probe01,mrsicflogellab,SWC_052,SWC,Lab 6,CA1,2020-10-22,62,2,0.08285714285714285,-161.00414609511117,-133.35836633161253,-165.56773,-133.19476,16.41795421291078,658,True,163,68
163,4b93a168-0f3b-4124-88fa-a57046ca70e1,7cb81727-2097-4b52-b480-c89867b5b34c,probe01,mrsicflogellab,SWC_052,SWC,Lab 6,DG,2020-10-22,58,1,0.08285714285714285,-154.730236141248,-132.1986964873384,-155.67531,-128.4401,18.097925118368412,658,True,163,68
164,4b93a168-0f3b-4124-88fa-a57046ca70e1,7cb81727-2097-4b52-b480-c89867b5b34c,probe01,mrsicflogellab,SWC_052,SWC,Lab 6,LP,2020-10-22,38,8,0.08285714285714285,-185.5051435251062,-161.4031280799993,-174.8061,-143.23586,17.022850724492734,658,True,163,68
165,4b93a168-0f3b-4124-88fa-a57046ca70e1,7cb81727-2097-4b52-b480-c89867b5b34c,probe01,mrsicflogellab,SWC_052,SWC,Lab 6,PO,2020-10-22,0,0,0.08285714285714285,,,-174.8061,-143.23586,0.0,658,True,163,68
166,bc1602ba-dd6c-4ae4-bcb2-4925e7c8632a,30c4e2ab-dffc-499d-aae4-e51d6b3218c2,probe00,mainenlab,ZFM-02370,CCU,Lab 2,PPC,2021-04-29,10,6,0.3240223463687151,-166.95018200937824,-143.74497036997394,-172.63817,-139.50005,17.169493155941645,841,False,130,36
167,bc1602ba-dd6c-4ae4-bcb2-4925e7c8632a,30c4e2ab-dffc-499d-aae4-e51d6b3218c2,probe00,mainenlab,ZFM-02370,CCU,Lab 2,CA1,2021-04-29,32,6,0.3240223463687151,-168.11870274607273,-144.33398971621125,-169.45692,-136.14279,20.667966289675668,841,False,130,36
168,bc1602ba-dd6c-4ae4-bcb2-4925e7c8632a,30c4e2ab-dffc-499d-aae4-e51d6b3218c2,probe00,mainenlab,ZFM-02370,CCU,Lab 2,DG,2021-04-29,0,0,0.3240223463687151,,,-169.45692,-136.14279,0.0,841,False,130,36
169,bc1602ba-dd6c-4ae4-bcb2-4925e7c8632a,30c4e2ab-dffc-499d-aae4-e51d6b3218c2,probe00,mainenlab,ZFM-02370,CCU,Lab 2,LP,2021-04-29,0,0,0.3240223463687151,,,-169.45692,-136.14279,0.0,841,False,130,36
170,bc1602ba-dd6c-4ae4-bcb2-4925e7c8632a,30c4e2ab-dffc-499d-aae4-e51d6b3218c2,probe00,mainenlab,ZFM-02370,CCU,Lab 2,PO,2021-04-29,22,13,0.3240223463687151,-186.4974291851152,-168.23672583816918,-171.67654,-133.93279,36.52910417247009,841,False,130,36
171,7cbecb3f-6a8a-48e5-a3be-8f7a762b5a04,71e55bfe-5a3a-4cba-bdc7-f085140d798e,probe00,angelakilab,NYU-26,NYU,Lab 4,PPC,2020-08-18,0,0,0.2235294117647059,,,-171.67654,-133.93279,0.0,1146,False,224,83
172,7cbecb3f-6a8a-48e5-a3be-8f7a762b5a04,71e55bfe-5a3a-4cba-bdc7-f085140d798e,probe00,angelakilab,NYU-26,NYU,Lab 4,CA1,2020-08-18,20,6,0.2235294117647059,-165.2592346674594,-136.59422535959803,-170.6137,-141.25725,14.820701876779342,1146,False,224,83
173,7cbecb3f-6a8a-48e5-a3be-8f7a762b5a04,71e55bfe-5a3a-4cba-bdc7-f085140d798e,probe00,angelakilab,NYU-26,NYU,Lab 4,DG,2020-08-18,62,11,0.2235294117647059,-156.13366872635643,-130.40145075307802,-154.926,-122.83152,18.454210140455082,1146,False,224,83
174,7cbecb3f-6a8a-48e5-a3be-8f7a762b5a04,71e55bfe-5a3a-4cba-bdc7-f085140d798e,probe00,angelakilab,NYU-26,NYU,Lab 4,LP,2020-08-18,0,0,0.2235294117647059,,,-154.926,-122.83152,0.0,1146,False,224,83
175,7cbecb3f-6a8a-48e5-a3be-8f7a762b5a04,71e55bfe-5a3a-4cba-bdc7-f085140d798e,probe00,angelakilab,NYU-26,NYU,Lab 4,PO,2020-08-18,0,0,0.2235294117647059,,,-154.926,-122.83152,0.0,1146,False,224,83
176,c07d13ed-e387-4457-8e33-1d16aed3fd92,824cf03d-4012-4ab1-b499-c83a92c5589e,probe00,churchlandlab_ucla,UCLA011,UCLA,Lab 10,PPC,2021-07-20,62,3,0.13920454545454544,-168.69384163796965,-143.50017979439292,-177.1726,-149.27596,17.273720541412388,764,True,168,59
177,c07d13ed-e387-4457-8e33-1d16aed3fd92,824cf03d-4012-4ab1-b499-c83a92c5589e,probe00,churchlandlab_ucla,UCLA011,UCLA,Lab 10,CA1,2021-07-20,50,1,0.13920454545454544,-161.0824265772495,-135.0586001307163,-164.51387,-136.0546,17.991018763166828,764,True,168,59
178,c07d13ed-e387-4457-8e33-1d16aed3fd92,824cf03d-4012-4ab1-b499-c83a92c5589e,probe00,churchlandlab_ucla,UCLA011,UCLA,Lab 10,DG,2021-07-20,58,9,0.13920454545454544,-150.52760915655313,-127.24192213746805,-152.01654,-122.91045,18.177273510080727,764,True,168,59
179,c07d13ed-e387-4457-8e33-1d16aed3fd92,824cf03d-4012-4ab1-b499-c83a92c5589e,probe00,churchlandlab_ucla,UCLA011,UCLA,Lab 10,LP,2021-07-20,56,26,0.13920454545454544,-178.43876524716265,-152.37580952707862,-166.47798,-137.39839,18.615975613676905,764,True,168,59
180,c07d13ed-e387-4457-8e33-1d16aed3fd92,824cf03d-4012-4ab1-b499-c83a92c5589e,probe00,churchlandlab_ucla,UCLA011,UCLA,Lab 10,PO,2021-07-20,70,6,0.13920454545454544,-188.803058073134,-164.97873381950677,-169.23724,-142.05928,16.67606454845478,764,True,168,59
181,7f3dddf8-637f-47bb-a7b7-e303277b2107,57fd2325-67f4-4d45-9907-29e77d3043d7,probe00,churchlandlab,CSHL054,CSHL (C),Lab 3,PPC,2020-02-12,0,0,0.08125,,,-169.23724,-142.05928,0.0,171,False,183,62
182,7f3dddf8-637f-47bb-a7b7-e303277b2107,57fd2325-67f4-4d45-9907-29e77d3043d7,probe00,churchlandlab,CSHL054,CSHL (C),Lab 3,CA1,2020-02-12,0,0,0.08125,,,-169.23724,-142.05928,0.0,171,False,183,62
183,7f3dddf8-637f-47bb-a7b7-e303277b2107,57fd2325-67f4-4d45-9907-29e77d3043d7,probe00,churchlandlab,CSHL054,CSHL (C),Lab 3,DG,2020-02-12,56,0,0.08125,-157.5848181526541,-141.34799084726905,-162.73425,-144.77109,11.765538260758301,171,False,183,62
184,7f3dddf8-637f-47bb-a7b7-e303277b2107,57fd2325-67f4-4d45-9907-29e77d3043d7,probe00,churchlandlab,CSHL054,CSHL (C),Lab 3,LP,2020-02-12,0,0,0.08125,,,-162.73425,-144.77109,0.0,171,False,183,62
185,7f3dddf8-637f-47bb-a7b7-e303277b2107,57fd2325-67f4-4d45-9907-29e77d3043d7,probe00,churchlandlab,CSHL054,CSHL (C),Lab 3,PO,2020-02-12,0,0,0.08125,,,-162.73425,-144.77109,0.0,171,False,183,62
186,8b7c808f-763b-44c8-b273-63c6afbc6aae,41872d7f-75cb-4445-bb1a-132b354c44f0,probe01,mrsicflogellab,SWC_038,SWC,Lab 6,PPC,2020-07-29,92,10,0.11647727272727272,-171.45515713755228,-141.28493091605304,-185.51924,-154.49803,17.710887082589714,512,False,231,66
187,8b7c808f-763b-44c8-b273-63c6afbc6aae,41872d7f-75cb-4445-bb1a-132b354c44f0,probe01,mrsicflogellab,SWC_038,SWC,Lab 6,CA1,2020-07-29,46,5,0.11647727272727272,-156.4303461806802,-125.66517164667033,-165.25652,-130.88281,17.935515705221082,512,False,231,66
188,8b7c808f-763b-44c8-b273-63c6afbc6aae,41872d7f-75cb-4445-bb1a-132b354c44f0,probe01,mrsicflogellab,SWC_038,SWC,Lab 6,DG,2020-07-29,88,5,0.11647727272727272,-152.5356893849222,-125.34181675974465,-156.6428,-124.222565,18.87806748130344,512,False,231,66
189,8b7c808f-763b-44c8-b273-63c6afbc6aae,41872d7f-75cb-4445-bb1a-132b354c44f0,probe01,mrsicflogellab,SWC_038,SWC,Lab 6,LP,2020-07-29,18,1,0.11647727272727272,-178.73892441389222,-152.5943804482346,-173.87048,-138.99808,12.33077664329433,512,False,231,66
190,8b7c808f-763b-44c8-b273-63c6afbc6aae,41872d7f-75cb-4445-bb1a-132b354c44f0,probe01,mrsicflogellab,SWC_038,SWC,Lab 6,PO,2020-07-29,0,0,0.11647727272727272,,,-173.87048,-138.99808,0.0,512,False,231,66
191,e49f221d-399d-4297-bb7d-2d23cc0e4acc,c7bf2d49-4937-4597-b307-9f39cb1c7b16,probe00,cortexlab,KS074,UCL,Lab 1,PPC,2021-11-22,96,2,0.199438202247191,-175.4901579386387,-146.66327176157571,-179.31349,-139.41179,10.623189504016157,587,False,188,59
192,e49f221d-399d-4297-bb7d-2d23cc0e4acc,c7bf2d49-4937-4597-b307-9f39cb1c7b16,probe00,cortexlab,KS074,UCL,Lab 1,CA1,2021-11-22,56,2,0.199438202247191,-161.36423328326933,-133.73476014200781,-164.04326,-125.56683,12.335438907408536,587,False,188,59
193,e49f221d-399d-4297-bb7d-2d23cc0e4acc,c7bf2d49-4937-4597-b307-9f39cb1c7b16,probe00,cortexlab,KS074,UCL,Lab 1,DG,2021-11-22,64,3,0.199438202247191,-158.194327569643,-131.60431418482398,-158.48717,-123.03642,15.385839954643744,587,False,188,59
194,e49f221d-399d-4297-bb7d-2d23cc0e4acc,c7bf2d49-4937-4597-b307-9f39cb1c7b16,probe00,cortexlab,KS074,UCL,Lab 1,LP,2021-11-22,68,37,0.199438202247191,-184.10388410575652,-162.39432954571228,-169.79211,-129.03299,22.276455245547332,587,False,188,59
195,e49f221d-399d-4297-bb7d-2d23cc0e4acc,c7bf2d49-4937-4597-b307-9f39cb1c7b16,probe00,cortexlab,KS074,UCL,Lab 1,PO,2021-11-22,36,17,0.199438202247191,-188.08557909393244,-169.2008662389113,-171.05019,-129.62689,20.65106444593185,587,False,188,59
196,80f6ffdd-f692-450f-ab19-cd6d45bfd73e,e2b845a1-e313-4a08-bc61-a5f662ed295e,probe00,churchlandlab_ucla,UCLA036,UCLA,Lab 10,PPC,2022-03-09,44,26,0.2824858757062147,-169.35258651710214,-140.53421777875428,-175.10645,-142.89658,14.520507677136074,476,True,224,59
197,80f6ffdd-f692-450f-ab19-cd6d45bfd73e,e2b845a1-e313-4a08-bc61-a5f662ed295e,probe00,churchlandlab_ucla,UCLA036,UCLA,Lab 10,CA1,2022-03-09,54,8,0.2824858757062147,-164.24136695042296,-135.19763667382068,-167.76767,-136.47043,13.406306896583654,476,True,224,59
198,80f6ffdd-f692-450f-ab19-cd6d45bfd73e,e2b845a1-e313-4a08-bc61-a5f662ed295e,probe00,churchlandlab_ucla,UCLA036,UCLA,Lab 10,DG,2022-03-09,60,9,0.2824858757062147,-151.57053596242204,-124.8268729375197,-150.72142,-118.26485,17.026906078056324,476,True,224,59
199,80f6ffdd-f692-450f-ab19-cd6d45bfd73e,e2b845a1-e313-4a08-bc61-a5f662ed295e,probe00,churchlandlab_ucla,UCLA036,UCLA,Lab 10,LP,2022-03-09,40,27,0.2824858757062147,-180.0320984369907,-154.9562222010288,-171.54828,-140.34529,16.49399136332519,476,True,224,59
200,80f6ffdd-f692-450f-ab19-cd6d45bfd73e,e2b845a1-e313-4a08-bc61-a5f662ed295e,probe00,churchlandlab_ucla,UCLA036,UCLA,Lab 10,PO,2022-03-09,0,0,0.2824858757062147,,,-171.54828,-140.34529,0.0,476,True,224,59
201,63517fd4-ece1-49eb-9259-371dc30b1dd6,4a45c8ba-db6f-4f11-9403-56e06a33dfa4,probe00,danlab,DY_020,Berkeley,Lab 7,PPC,2020-09-29,40,18,0.2947976878612717,-171.9096453196201,-145.79621777597995,-185.00285,-145.84781,18.207734957346673,401,True,139,44
202,63517fd4-ece1-49eb-9259-371dc30b1dd6,4a45c8ba-db6f-4f11-9403-56e06a33dfa4,probe00,danlab,DY_020,Berkeley,Lab 7,CA1,2020-09-29,56,8,0.2947976878612717,-166.7830487598231,-140.9290369517002,-174.64426,-139.0616,15.112847510000464,401,True,139,44
203,63517fd4-ece1-49eb-9259-371dc30b1dd6,4a45c8ba-db6f-4f11-9403-56e06a33dfa4,probe00,danlab,DY_020,Berkeley,Lab 7,DG,2020-09-29,6,0,0.2947976878612717,-151.49398439788737,-123.28043510182617,-154.8463,-118.16422,14.740295682817097,401,True,139,44
204,63517fd4-ece1-49eb-9259-371dc30b1dd6,4a45c8ba-db6f-4f11-9403-56e06a33dfa4,probe00,danlab,DY_020,Berkeley,Lab 7,LP,2020-09-29,0,0,0.2947976878612717,,,-154.8463,-118.16422,0.0,401,True,139,44
205,63517fd4-ece1-49eb-9259-371dc30b1dd6,4a45c8ba-db6f-4f11-9403-56e06a33dfa4,probe00,danlab,DY_020,Berkeley,Lab 7,PO,2020-09-29,0,0,0.2947976878612717,,,-154.8463,-118.16422,0.0,401,True,139,44
206,f93bfce4-e814-4ae3-9cdf-59f4dcdedf51,7af49c00-63dd-4fed-b2e0-1b3bd945b20b,probe00,angelakilab,NYU-37,NYU,Lab 4,PPC,2021-01-25,0,0,0.1994535519125683,,,-154.8463,-118.16422,0.0,414,True,147,48
207,f93bfce4-e814-4ae3-9cdf-59f4dcdedf51,7af49c00-63dd-4fed-b2e0-1b3bd945b20b,probe00,angelakilab,NYU-37,NYU,Lab 4,CA1,2021-01-25,60,3,0.1994535519125683,-163.58891568247412,-139.23057090504898,-174.96877,-143.90765,15.275874537649093,414,True,147,48
208,f93bfce4-e814-4ae3-9cdf-59f4dcdedf51,7af49c00-63dd-4fed-b2e0-1b3bd945b20b,probe00,angelakilab,NYU-37,NYU,Lab 4,DG,2021-01-25,74,8,0.1994535519125683,-151.59845026053975,-128.47863061942647,-163.1883,-131.79785,18.088940317726266,414,True,147,48
209,f93bfce4-e814-4ae3-9cdf-59f4dcdedf51,7af49c00-63dd-4fed-b2e0-1b3bd945b20b,probe00,angelakilab,NYU-37,NYU,Lab 4,LP,2021-01-25,58,25,0.1994535519125683,-184.63606520913595,-163.03335303830488,-183.99327,-151.45242,17.671313527910094,414,True,147,48
210,f93bfce4-e814-4ae3-9cdf-59f4dcdedf51,7af49c00-63dd-4fed-b2e0-1b3bd945b20b,probe00,angelakilab,NYU-37,NYU,Lab 4,PO,2021-01-25,0,0,0.1994535519125683,,,-183.99327,-151.45242,0.0,414,True,147,48
211,8ca1a850-26ef-42be-8b28-c2e2d12f06d6,15763234-d21e-491f-a01b-1238eb96d389,probe00,zadorlab,CSH_ZAD_026,CSHL (Z),Lab 8,PPC,2020-09-04,4,0,0.2692307692307692,-179.49939236704427,-157.40864071909505,-189.20317,-154.47235,7.75805382025659,894,True,157,45
212,8ca1a850-26ef-42be-8b28-c2e2d12f06d6,15763234-d21e-491f-a01b-1238eb96d389,probe00,zadorlab,CSH_ZAD_026,CSHL (Z),Lab 8,CA1,2020-09-04,50,9,0.2692307692307692,-170.2797800928745,-143.14951397959325,-176.5388,-145.24765,12.798124052985186,894,True,157,45
213,8ca1a850-26ef-42be-8b28-c2e2d12f06d6,15763234-d21e-491f-a01b-1238eb96d389,probe00,zadorlab,CSH_ZAD_026,CSHL (Z),Lab 8,DG,2020-09-04,0,0,0.2692307692307692,,,-176.5388,-145.24765,0.0,894,True,157,45
214,8ca1a850-26ef-42be-8b28-c2e2d12f06d6,15763234-d21e-491f-a01b-1238eb96d389,probe00,zadorlab,CSH_ZAD_026,CSHL (Z),Lab 8,LP,2020-09-04,0,0,0.2692307692307692,,,-176.5388,-145.24765,0.0,894,True,157,45
215,8ca1a850-26ef-42be-8b28-c2e2d12f06d6,15763234-d21e-491f-a01b-1238eb96d389,probe00,zadorlab,CSH_ZAD_026,CSHL (Z),Lab 8,PO,2020-09-04,74,46,0.2692307692307692,-177.98848594136217,-156.1638003548968,-174.30849,-144.41965,37.41132223712878,894,True,157,45
216,70da415f-444d-4148-ade7-a1f58a16fcf8,781b35fd-e1f0-4d14-b2bb-95b7263082bb,probe01,cortexlab,KS044,UCL,Lab 1,PPC,2020-12-09,64,20,0.22375690607734808,-167.748957014719,-140.85029850069617,-185.52307,-148.5905,15.92294830781542,471,True,154,60
217,70da415f-444d-4148-ade7-a1f58a16fcf8,781b35fd-e1f0-4d14-b2bb-95b7263082bb,probe01,cortexlab,KS044,UCL,Lab 1,CA1,2020-12-09,52,5,0.22375690607734808,-155.98002045401483,-128.49837237568323,-165.97694,-131.25471,13.427396693926179,471,True,154,60
218,70da415f-444d-4148-ade7-a1f58a16fcf8,781b35fd-e1f0-4d14-b2bb-95b7263082bb,probe01,cortexlab,KS044,UCL,Lab 1,DG,2020-12-09,48,2,0.22375690607734808,-152.43975084686215,-127.09204882049494,-158.42624,-126.992424,10.30567879913165,471,True,154,60
219,70da415f-444d-4148-ade7-a1f58a16fcf8,781b35fd-e1f0-4d14-b2bb-95b7263082bb,probe01,cortexlab,KS044,UCL,Lab 1,LP,2020-12-09,56,23,0.22375690607734808,-180.58887317584745,-157.40171295638245,-180.30168,-148.93733,22.574859942402785,471,True,154,60
220,70da415f-444d-4148-ade7-a1f58a16fcf8,781b35fd-e1f0-4d14-b2bb-95b7263082bb,probe01,cortexlab,KS044,UCL,Lab 1,PO,2020-12-09,0,0,0.22375690607734808,,,-180.30168,-148.93733,0.0,471,True,154,60
221,6e1379e8-3af0-4fc5-8ba8-37d3bb02226b,754b74d5-7a06-4004-ae0c-72a10b6ed2e6,probe00,angelakilab,NYU-29,NYU,Lab 4,PPC,2020-09-21,76,31,0.38055555555555554,-167.72807423253582,-139.8518141777969,-175.33347,-144.26335,15.461277505254975,1028,False,125,43
222,6e1379e8-3af0-4fc5-8ba8-37d3bb02226b,754b74d5-7a06-4004-ae0c-72a10b6ed2e6,probe00,angelakilab,NYU-29,NYU,Lab 4,CA1,2020-09-21,48,5,0.38055555555555554,-158.36877427164646,-131.86229691568943,-161.45038,-129.1364,19.327258940817437,1028,False,125,43
223,6e1379e8-3af0-4fc5-8ba8-37d3bb02226b,754b74d5-7a06-4004-ae0c-72a10b6ed2e6,probe00,angelakilab,NYU-29,NYU,Lab 4,DG,2020-09-21,66,11,0.38055555555555554,-153.390341616312,-129.14500780024608,-152.74431,-122.209236,19.74404911372247,1028,False,125,43
224,6e1379e8-3af0-4fc5-8ba8-37d3bb02226b,754b74d5-7a06-4004-ae0c-72a10b6ed2e6,probe00,angelakilab,NYU-29,NYU,Lab 4,LP,2020-09-21,68,47,0.38055555555555554,-183.29730945257984,-160.84372803527168,-173.1576,-140.36484,22.01865352903844,1028,False,125,43
225,6e1379e8-3af0-4fc5-8ba8-37d3bb02226b,754b74d5-7a06-4004-ae0c-72a10b6ed2e6,probe00,angelakilab,NYU-29,NYU,Lab 4,PO,2020-09-21,72,41,0.38055555555555554,-188.13782688310346,-172.52452401648563,-176.38141,-145.85757,26.90127026859695,1028,False,125,43
226,8d59da25-3a9c-44be-8b1a-e27cdd39ca34,4b00df29-3769-43be-bb40-128b1cba6d35,probe00,churchlandlab,CSHL052,CSHL (C),Lab 3,PPC,2020-02-21,90,0,0.11585365853658537,-178.42920863426994,-151.75587548743292,-175.24942,-132.43098,14.455274164599967,812,True,192,73
227,8d59da25-3a9c-44be-8b1a-e27cdd39ca34,4b00df29-3769-43be-bb40-128b1cba6d35,probe00,churchlandlab,CSHL052,CSHL (C),Lab 3,CA1,2020-02-21,46,4,0.11585365853658537,-169.53394921200453,-144.36765677266814,-170.69885,-130.20732,14.194212564177473,812,True,192,73
228,8d59da25-3a9c-44be-8b1a-e27cdd39ca34,4b00df29-3769-43be-bb40-128b1cba6d35,probe00,churchlandlab,CSHL052,CSHL (C),Lab 3,DG,2020-02-21,36,3,0.11585365853658537,-157.68635576629572,-130.03374392784897,-162.73466,-126.20196,16.39135746793892,812,True,192,73
229,8d59da25-3a9c-44be-8b1a-e27cdd39ca34,4b00df29-3769-43be-bb40-128b1cba6d35,probe00,churchlandlab,CSHL052,CSHL (C),Lab 3,LP,2020-02-21,42,12,0.11585365853658537,-181.05145462871667,-156.27826835377945,-174.91733,-133.14441,20.539869947536275,812,True,192,73
230,8d59da25-3a9c-44be-8b1a-e27cdd39ca34,4b00df29-3769-43be-bb40-128b1cba6d35,probe00,churchlandlab,CSHL052,CSHL (C),Lab 3,PO,2020-02-21,18,5,0.11585365853658537,-182.28706207868714,-158.3280781275424,-174.10135,-131.64133,25.892001058808237,812,True,192,73
231,bf96f6d6-4726-4cfa-804a-bca8f9262721,f140a2ec-fd49-4814-994a-fe3476f14e66,probe00,angelakilab,NYU-47,NYU,Lab 4,PPC,2021-06-21,0,0,0.10755813953488372,,,-174.10135,-131.64133,0.0,403,False,139,46
232,bf96f6d6-4726-4cfa-804a-bca8f9262721,f140a2ec-fd49-4814-994a-fe3476f14e66,probe00,angelakilab,NYU-47,NYU,Lab 4,CA1,2021-06-21,46,0,0.10755813953488372,-163.26602345198415,-136.20431641144617,-169.29175,-134.14006,11.606376557312405,403,False,139,46
233,bf96f6d6-4726-4cfa-804a-bca8f9262721,f140a2ec-fd49-4814-994a-fe3476f14e66,probe00,angelakilab,NYU-47,NYU,Lab 4,DG,2021-06-21,56,1,0.10755813953488372,-154.60900483194922,-130.44661793772315,-155.82385,-123.32111,16.514426448007228,403,False,139,46
234,bf96f6d6-4726-4cfa-804a-bca8f9262721,f140a2ec-fd49-4814-994a-fe3476f14e66,probe00,angelakilab,NYU-47,NYU,Lab 4,LP,2021-06-21,28,9,0.10755813953488372,-183.6427653114675,-156.33454594675632,-177.06775,-139.82991,11.53015731527363,403,False,139,46
235,bf96f6d6-4726-4cfa-804a-bca8f9262721,f140a2ec-fd49-4814-994a-fe3476f14e66,probe00,angelakilab,NYU-47,NYU,Lab 4,PO,2021-06-21,0,0,0.10755813953488372,,,-177.06775,-139.82991,0.0,403,False,139,46
236,a3d13b05-bf4d-427a-a2d5-2fe050d603ec,03cf52f6-fba6-4743-a42e-dd1ac3072343,probe00,zadorlab,CSH_ZAD_011,CSHL (Z),Lab 8,PPC,2020-03-22,0,0,0.0981012658227848,,,-177.06775,-139.82991,0.0,415,True,187,56
237,a3d13b05-bf4d-427a-a2d5-2fe050d603ec,03cf52f6-fba6-4743-a42e-dd1ac3072343,probe00,zadorlab,CSH_ZAD_011,CSHL (Z),Lab 8,CA1,2020-03-22,0,0,0.0981012658227848,,,-177.06775,-139.82991,0.0,415,True,187,56
238,a3d13b05-bf4d-427a-a2d5-2fe050d603ec,03cf52f6-fba6-4743-a42e-dd1ac3072343,probe00,zadorlab,CSH_ZAD_011,CSHL (Z),Lab 8,DG,2020-03-22,0,0,0.0981012658227848,,,-177.06775,-139.82991,0.0,415,True,187,56
239,a3d13b05-bf4d-427a-a2d5-2fe050d603ec,03cf52f6-fba6-4743-a42e-dd1ac3072343,probe00,zadorlab,CSH_ZAD_011,CSHL (Z),Lab 8,LP,2020-03-22,0,0,0.0981012658227848,,,-177.06775,-139.82991,0.0,415,True,187,56
240,a3d13b05-bf4d-427a-a2d5-2fe050d603ec,03cf52f6-fba6-4743-a42e-dd1ac3072343,probe00,zadorlab,CSH_ZAD_011,CSHL (Z),Lab 8,PO,2020-03-22,0,0,0.0981012658227848,,,-177.06775,-139.82991,0.0,415,True,187,56
241,19baa84c-22a5-4589-9cbd-c23f111c054c,862ade13-53cd-4221-a3fa-dda8643641f2,probe01,hoferlab,SWC_042,SWC,Lab 6,PPC,2020-07-15,84,10,0.07734806629834254,-173.52547581372878,-140.3401612719575,-166.81805,-145.01097,18.78197048954116,595,False,217,47
242,19baa84c-22a5-4589-9cbd-c23f111c054c,862ade13-53cd-4221-a3fa-dda8643641f2,probe01,hoferlab,SWC_042,SWC,Lab 6,CA1,2020-07-15,52,3,0.07734806629834254,-162.17526810416132,-129.7776340380931,-158.3888,-127.479195,19.461461870195027,595,False,217,47
243,19baa84c-22a5-4589-9cbd-c23f111c054c,862ade13-53cd-4221-a3fa-dda8643641f2,probe01,hoferlab,SWC_042,SWC,Lab 6,DG,2020-07-15,78,13,0.07734806629834254,-156.9335981314237,-126.64165837155792,-152.77975,-118.07049,21.509690637406514,595,False,217,47
244,19baa84c-22a5-4589-9cbd-c23f111c054c,862ade13-53cd-4221-a3fa-dda8643641f2,probe01,hoferlab,SWC_042,SWC,Lab 6,LP,2020-07-15,64,1,0.07734806629834254,-182.08523306910132,-157.53701863352393,-162.98094,-131.44922,19.32631524941883,595,False,217,47
245,19baa84c-22a5-4589-9cbd-c23f111c054c,862ade13-53cd-4221-a3fa-dda8643641f2,probe01,hoferlab,SWC_042,SWC,Lab 6,PO,2020-07-15,0,0,0.07734806629834254,,,-162.98094,-131.44922,0.0,595,False,217,47
246,143dd7cf-6a47-47a1-906d-927ad7fe9117,3638d102-e8b6-4230-8742-e548cd87a949,probe01,mrsicflogellab,SWC_058,SWC,Lab 6,PPC,2020-12-07,84,0,0.20056497175141244,-172.39941033245205,-141.7077089883707,-182.54141,-149.02798,13.573668612035327,695,True,132,35
247,143dd7cf-6a47-47a1-906d-927ad7fe9117,3638d102-e8b6-4230-8742-e548cd87a949,probe01,mrsicflogellab,SWC_058,SWC,Lab 6,CA1,2020-12-07,50,1,0.20056497175141244,-161.279246493021,-132.77166379038425,-165.6789,-131.17429,15.889467734517936,695,True,132,35
248,143dd7cf-6a47-47a1-906d-927ad7fe9117,3638d102-e8b6-4230-8742-e548cd87a949,probe01,mrsicflogellab,SWC_058,SWC,Lab 6,DG,2020-12-07,76,3,0.20056497175141244,-152.7268142781837,-126.32130352635905,-152.18932,-121.05852,17.62893298440088,695,True,132,35
249,143dd7cf-6a47-47a1-906d-927ad7fe9117,3638d102-e8b6-4230-8742-e548cd87a949,probe01,mrsicflogellab,SWC_058,SWC,Lab 6,LP,2020-12-07,60,26,0.20056497175141244,-184.07380426788265,-158.9383756484979,-172.61404,-141.39288,19.077016578443583,695,True,132,35
250,143dd7cf-6a47-47a1-906d-927ad7fe9117,3638d102-e8b6-4230-8742-e548cd87a949,probe01,mrsicflogellab,SWC_058,SWC,Lab 6,PO,2020-12-07,0,0,0.20056497175141244,,,-172.61404,-141.39288,0.0,695,True,132,35
251,84bb830f-b9ff-4e6b-9296-f458fb41d160,c7248e09-8c0d-40f2-9eb4-700a8973d8c8,probe00,mainenlab,ZM_3001,CCU,Lab 2,PPC,2020-08-05,68,48,0.4530386740331492,-166.3207543575804,-140.61345159089268,-176.31549,-152.01022,26.244057135805853,780,False,269,42
252,84bb830f-b9ff-4e6b-9296-f458fb41d160,c7248e09-8c0d-40f2-9eb4-700a8973d8c8,probe00,mainenlab,ZM_3001,CCU,Lab 2,CA1,2020-08-05,58,8,0.4530386740331492,-157.96573502998726,-131.3446812685379,-162.66359,-130.88353,16.307698874263895,780,False,269,42
253,84bb830f-b9ff-4e6b-9296-f458fb41d160,c7248e09-8c0d-40f2-9eb4-700a8973d8c8,probe00,mainenlab,ZM_3001,CCU,Lab 2,DG,2020-08-05,24,1,0.4530386740331492,-148.40763745371427,-118.76702071889163,-149.04915,-111.46932,15.231559502223762,780,False,269,42
254,84bb830f-b9ff-4e6b-9296-f458fb41d160,c7248e09-8c0d-40f2-9eb4-700a8973d8c8,probe00,mainenlab,ZM_3001,CCU,Lab 2,LP,2020-08-05,54,26,0.4530386740331492,-180.77720815050978,-160.65650434734138,-168.232,-134.94093,27.87119458961483,780,False,269,42
255,84bb830f-b9ff-4e6b-9296-f458fb41d160,c7248e09-8c0d-40f2-9eb4-700a8973d8c8,probe00,mainenlab,ZM_3001,CCU,Lab 2,PO,2020-08-05,74,65,0.4530386740331492,-183.70421614452675,-168.3597883656126,-170.5322,-137.80984,32.37811362362545,780,False,269,42
256,ca5764ea-a57e-49de-8156-84da18ad439f,e9b57a5a-b06d-476d-ad20-7ec42a16f5f5,probe00,zadorlab,CSH_ZAD_001,CSHL (Z),Lab 8,PPC,2020-01-14,86,40,0.25,-168.9750683491427,-139.90225473844478,-138.4347,-125.297806,16.09610039347034,310,False,273,61
257,ca5764ea-a57e-49de-8156-84da18ad439f,e9b57a5a-b06d-476d-ad20-7ec42a16f5f5,probe00,zadorlab,CSH_ZAD_001,CSHL (Z),Lab 8,CA1,2020-01-14,44,3,0.25,-158.41790748573004,-130.4267248116689,-137.15424,-121.09646,14.611154251617561,310,False,273,61
258,ca5764ea-a57e-49de-8156-84da18ad439f,e9b57a5a-b06d-476d-ad20-7ec42a16f5f5,probe00,zadorlab,CSH_ZAD_001,CSHL (Z),Lab 8,DG,2020-01-14,74,11,0.25,-152.44750815403503,-125.9887258548902,-135.29124,-117.70305,14.544217007692204,310,False,273,61
259,ca5764ea-a57e-49de-8156-84da18ad439f,e9b57a5a-b06d-476d-ad20-7ec42a16f5f5,probe00,zadorlab,CSH_ZAD_001,CSHL (Z),Lab 8,LP,2020-01-14,58,16,0.25,-181.90081440726027,-160.76391255179152,-138.23926,-124.800896,20.231860479956715,310,False,273,61
260,ca5764ea-a57e-49de-8156-84da18ad439f,e9b57a5a-b06d-476d-ad20-7ec42a16f5f5,probe00,zadorlab,CSH_ZAD_001,CSHL (Z),Lab 8,PO,2020-01-14,28,5,0.25,-184.28455406661192,-166.22309547896543,-138.45024,-125.46639,17.343484656726837,310,False,273,61
261,02cc03e4-8015-4050-bb42-6c832091febb,2bdf206a-820f-402f-920a-9e86cd5388a4,probe00,churchlandlab_ucla,UCLA037,UCLA,Lab 10,PPC,2022-02-02,32,9,0.15819209039548024,-165.0615604883823,-135.7120636469516,-171.64726,-135.03172,13.44604696454236,580,True,189,33
262,02cc03e4-8015-4050-bb42-6c832091febb,2bdf206a-820f-402f-920a-9e86cd5388a4,probe00,churchlandlab_ucla,UCLA037,UCLA,Lab 10,CA1,2022-02-02,60,8,0.15819209039548024,-156.77776150766942,-129.82035107676123,-160.33224,-124.7856,13.5508077176995,580,True,189,33
263,02cc03e4-8015-4050-bb42-6c832091febb,2bdf206a-820f-402f-920a-9e86cd5388a4,probe00,churchlandlab_ucla,UCLA037,UCLA,Lab 10,DG,2022-02-02,56,1,0.15819209039548024,-152.96096147192026,-128.39889552997343,-152.07425,-119.8418,14.003625440347067,580,True,189,33
264,02cc03e4-8015-4050-bb42-6c832091febb,2bdf206a-820f-402f-920a-9e86cd5388a4,probe00,churchlandlab_ucla,UCLA037,UCLA,Lab 10,LP,2022-02-02,0,0,0.15819209039548024,,,-152.07425,-119.8418,0.0,580,True,189,33
265,02cc03e4-8015-4050-bb42-6c832091febb,2bdf206a-820f-402f-920a-9e86cd5388a4,probe00,churchlandlab_ucla,UCLA037,UCLA,Lab 10,PO,2022-02-02,0,0,0.15819209039548024,,,-152.07425,-119.8418,0.0,580,True,189,33
266,a12c8ae8-d5ad-4d15-b805-436ad23e5ad1,d9f0c293-df4c-410a-846d-842e47c6b502,probe01,wittenlab,ibl_witten_25,Princeton,Lab 5,PPC,2020-12-07,64,6,0.12359550561797752,-166.589715576807,-140.96418318811988,-159.01808,-128.12552,12.600100114584793,401,False,181,49
267,a12c8ae8-d5ad-4d15-b805-436ad23e5ad1,d9f0c293-df4c-410a-846d-842e47c6b502,probe01,wittenlab,ibl_witten_25,Princeton,Lab 5,CA1,2020-12-07,58,3,0.12359550561797752,-155.2633411364494,-130.63550931566544,-151.56845,-119.66065,15.449958019044992,401,False,181,49
268,a12c8ae8-d5ad-4d15-b805-436ad23e5ad1,d9f0c293-df4c-410a-846d-842e47c6b502,probe01,wittenlab,ibl_witten_25,Princeton,Lab 5,DG,2020-12-07,74,4,0.12359550561797752,-150.35834269844884,-129.25636656154535,-147.36617,-119.79751,17.066255108261327,401,False,181,49
269,a12c8ae8-d5ad-4d15-b805-436ad23e5ad1,d9f0c293-df4c-410a-846d-842e47c6b502,probe01,wittenlab,ibl_witten_25,Princeton,Lab 5,LP,2020-12-07,56,9,0.12359550561797752,-182.0136576999476,-159.71947778356576,-158.89581,-129.08696,16.243152886256272,401,False,181,49
270,a12c8ae8-d5ad-4d15-b805-436ad23e5ad1,d9f0c293-df4c-410a-846d-842e47c6b502,probe01,wittenlab,ibl_witten_25,Princeton,Lab 5,PO,2020-12-07,66,10,0.12359550561797752,-187.05054896013598,-169.75714718419792,-158.37563,-128.34756,19.21846802860145,401,False,181,49
271,523f8301-4f56-4faf-ab33-a9ff11331118,88224abb-5746-431f-9c17-17d7ef806e6a,probe00,mainenlab,ZFM-02372,CCU,Lab 2,PPC,2021-06-01,22,0,0.2692307692307692,-170.53133005292418,-138.0012685045177,-175.64139,-147.8526,12.596898632882981,452,True,163,57
272,523f8301-4f56-4faf-ab33-a9ff11331118,88224abb-5746-431f-9c17-17d7ef806e6a,probe00,mainenlab,ZFM-02372,CCU,Lab 2,CA1,2021-06-01,54,6,0.2692307692307692,-165.83148776047253,-134.78639535437625,-170.52754,-142.209,15.075039595689185,452,True,163,57
273,523f8301-4f56-4faf-ab33-a9ff11331118,88224abb-5746-431f-9c17-17d7ef806e6a,probe00,mainenlab,ZFM-02372,CCU,Lab 2,DG,2021-06-01,62,3,0.2692307692307692,-158.66964907402055,-128.68230168652212,-158.45486,-122.09439,14.838855682255948,452,True,163,57
274,523f8301-4f56-4faf-ab33-a9ff11331118,88224abb-5746-431f-9c17-17d7ef806e6a,probe00,mainenlab,ZFM-02372,CCU,Lab 2,LP,2021-06-01,66,7,0.2692307692307692,-176.22649227697136,-149.3580713581888,-167.22557,-131.95029,19.39583262072593,452,True,163,57
275,523f8301-4f56-4faf-ab33-a9ff11331118,88224abb-5746-431f-9c17-17d7ef806e6a,probe00,mainenlab,ZFM-02372,CCU,Lab 2,PO,2021-06-01,90,71,0.2692307692307692,-186.66584388478535,-167.43511675262388,-170.31723,-137.05226,22.05841844108924,452,True,163,57
276,b749446c-18e3-4987-820a-50649ab0f826,aad23144-0e52-4eac-80c5-c4ee2decb198,probe01,cortexlab,KS023,UCL,Lab 1,PPC,2019-12-10,80,31,0.21787709497206703,-167.42307286326027,-139.79495778147316,-188.28513,-142.78722,16.158794510154404,641,True,168,45
277,b749446c-18e3-4987-820a-50649ab0f826,aad23144-0e52-4eac-80c5-c4ee2decb198,probe01,cortexlab,KS023,UCL,Lab 1,CA1,2019-12-10,50,6,0.21787709497206703,-155.17290936533544,-127.51043988291354,-164.81677,-127.804474,12.948252088558093,641,True,168,45
278,b749446c-18e3-4987-820a-50649ab0f826,aad23144-0e52-4eac-80c5-c4ee2decb198,probe01,cortexlab,KS023,UCL,Lab 1,DG,2019-12-10,66,10,0.21787709497206703,-151.05974816039048,-127.7527140435877,-155.27667,-125.20579,14.018322537025561,641,True,168,45
279,b749446c-18e3-4987-820a-50649ab0f826,aad23144-0e52-4eac-80c5-c4ee2decb198,probe01,cortexlab,KS023,UCL,Lab 1,LP,2019-12-10,60,11,0.21787709497206703,-182.41645830535825,-159.7983265406284,-174.76476,-136.86037,17.2221644393092,641,True,168,45
280,b749446c-18e3-4987-820a-50649ab0f826,aad23144-0e52-4eac-80c5-c4ee2decb198,probe01,cortexlab,KS023,UCL,Lab 1,PO,2019-12-10,68,18,0.21787709497206703,-191.86754296590703,-175.00426530621033,-179.58989,-139.60278,17.378484238798173,641,True,168,45
281,36362f75-96d8-4ed4-a728-5e72284d0995,d0ea3148-948d-4817-94f8-dcaf2342bbbe,probe00,mainenlab,ZFM-01936,CCU,Lab 2,PPC,2021-01-19,20,0,0.2909604519774011,-166.2975948816928,-140.08108487192712,-179.64784,-153.71834,12.909616204479603,560,True,149,35
282,36362f75-96d8-4ed4-a728-5e72284d0995,d0ea3148-948d-4817-94f8-dcaf2342bbbe,probe00,mainenlab,ZFM-01936,CCU,Lab 2,CA1,2021-01-19,52,0,0.2909604519774011,-158.24072332078916,-132.3137759471789,-163.13597,-132.99149,13.1142194108653,560,True,149,35
283,36362f75-96d8-4ed4-a728-5e72284d0995,d0ea3148-948d-4817-94f8-dcaf2342bbbe,probe00,mainenlab,ZFM-01936,CCU,Lab 2,DG,2021-01-19,62,6,0.2909604519774011,-153.14061578229612,-129.8464162386816,-151.36708,-119.67358,16.68181128463919,560,True,149,35
284,36362f75-96d8-4ed4-a728-5e72284d0995,d0ea3148-948d-4817-94f8-dcaf2342bbbe,probe00,mainenlab,ZFM-01936,CCU,Lab 2,LP,2021-01-19,50,24,0.2909604519774011,-184.39035412851902,-162.8730320459995,-169.65675,-135.15079,15.452506314704436,560,True,149,35
285,36362f75-96d8-4ed4-a728-5e72284d0995,d0ea3148-948d-4817-94f8-dcaf2342bbbe,probe00,mainenlab,ZFM-01936,CCU,Lab 2,PO,2021-01-19,54,36,0.2909604519774011,-192.2841492041122,-174.84550564264302,-173.905,-139.41684,16.991702571690542,560,True,149,35
286,8abf098f-d4f6-4957-9c0a-f53685db74cc,b22f694e-4a34-4142-ab9d-2556c3487086,probe00,cortexlab,KS055,UCL,Lab 1,PPC,2021-05-02,76,29,0.1787709497206704,-166.54051319737957,-136.86285110085407,-180.09927,-145.4294,13.025059135647279,480,True,159,53
287,8abf098f-d4f6-4957-9c0a-f53685db74cc,b22f694e-4a34-4142-ab9d-2556c3487086,probe00,cortexlab,KS055,UCL,Lab 1,CA1,2021-05-02,56,3,0.1787709497206704,-155.53681727200396,-127.91619627198652,-162.41585,-126.78255,11.322692438681592,480,True,159,53
288,8abf098f-d4f6-4957-9c0a-f53685db74cc,b22f694e-4a34-4142-ab9d-2556c3487086,probe00,cortexlab,KS055,UCL,Lab 1,DG,2021-05-02,58,11,0.1787709497206704,-150.11624588372177,-126.86200420344495,-153.8675,-124.58425,15.135891011859114,480,True,159,53
289,8abf098f-d4f6-4957-9c0a-f53685db74cc,b22f694e-4a34-4142-ab9d-2556c3487086,probe00,cortexlab,KS055,UCL,Lab 1,LP,2021-05-02,2,0,0.1787709497206704,-177.1965549952181,-150.6883991724642,-170.94698,-134.63269,14.607954570316052,480,True,159,53
290,8abf098f-d4f6-4957-9c0a-f53685db74cc,b22f694e-4a34-4142-ab9d-2556c3487086,probe00,cortexlab,KS055,UCL,Lab 1,PO,2021-05-02,0,0,0.1787709497206704,,,-170.94698,-134.63269,0.0,480,True,159,53
291,11a5a93e-58a9-4ed0-995e-52279ec16b98,ebe090af-5922-4fcd-8fc6-17b8ba7bad6d,probe01,wittenlab,ibl_witten_13,Princeton,Lab 5,PPC,2019-12-03,68,8,0.2796610169491525,-162.09857427155674,-140.98907192798626,-132.66411,-105.786575,20.24748418318995,850,True,224,74
292,11a5a93e-58a9-4ed0-995e-52279ec16b98,ebe090af-5922-4fcd-8fc6-17b8ba7bad6d,probe01,wittenlab,ibl_witten_13,Princeton,Lab 5,CA1,2019-12-03,56,10,0.2796610169491525,-155.80452305312318,-131.6996052543997,-130.69289,-103.31916,15.936553146188459,850,True,224,74
293,11a5a93e-58a9-4ed0-995e-52279ec16b98,ebe090af-5922-4fcd-8fc6-17b8ba7bad6d,probe01,wittenlab,ibl_witten_13,Princeton,Lab 5,DG,2019-12-03,36,3,0.2796610169491525,-150.93778479427692,-126.99632174767319,-130.71631,-103.90528,15.865159427573673,850,True,224,74
294,11a5a93e-58a9-4ed0-995e-52279ec16b98,ebe090af-5922-4fcd-8fc6-17b8ba7bad6d,probe01,wittenlab,ibl_witten_13,Princeton,Lab 5,LP,2019-12-03,32,18,0.2796610169491525,-165.8969903952274,-145.40801081720917,-129.20226,-102.7097,24.07861390125383,850,True,224,74
295,11a5a93e-58a9-4ed0-995e-52279ec16b98,ebe090af-5922-4fcd-8fc6-17b8ba7bad6d,probe01,wittenlab,ibl_witten_13,Princeton,Lab 5,PO,2019-12-03,18,12,0.2796610169491525,-170.0592670076151,-150.72868619028648,-134.16402,-107.37652,31.187500791715095,850,True,224,74
296,84fd7fa3-6c2d-4233-b265-46a427d3d68d,ff96bfe1-d925-4553-94b5-bf8297adf259,probe01,wittenlab,ibl_witten_26,Princeton,Lab 5,PPC,2021-01-27,0,0,0.18333333333333332,,,-134.16402,-107.37652,0.0,426,True,232,87
297,84fd7fa3-6c2d-4233-b265-46a427d3d68d,ff96bfe1-d925-4553-94b5-bf8297adf259,probe01,wittenlab,ibl_witten_26,Princeton,Lab 5,CA1,2021-01-27,36,2,0.18333333333333332,-181.83125894927912,-157.64521743520035,-157.88756,-130.70232,13.9114547788062,426,True,232,87
298,84fd7fa3-6c2d-4233-b265-46a427d3d68d,ff96bfe1-d925-4553-94b5-bf8297adf259,probe01,wittenlab,ibl_witten_26,Princeton,Lab 5,DG,2021-01-27,0,0,0.18333333333333332,,,-157.88756,-130.70232,0.0,426,True,232,87
299,84fd7fa3-6c2d-4233-b265-46a427d3d68d,ff96bfe1-d925-4553-94b5-bf8297adf259,probe01,wittenlab,ibl_witten_26,Princeton,Lab 5,LP,2021-01-27,54,24,0.18333333333333332,-182.71490481934657,-155.46412111098613,-157.43063,-130.28412,16.74844207752234,426,True,232,87
300,84fd7fa3-6c2d-4233-b265-46a427d3d68d,ff96bfe1-d925-4553-94b5-bf8297adf259,probe01,wittenlab,ibl_witten_26,Princeton,Lab 5,PO,2021-01-27,38,21,0.18333333333333332,-182.73919046114136,-157.3973116705369,-157.81743,-131.01329,24.22617260466998,426,True,232,87
301,ae252f7b-0224-4925-8174-7b25c2385bb7,572a95d1-39ca-42e1-8424-5c9ffcb2df87,probe01,cortexlab,KS020,UCL,Lab 1,PPC,2020-02-07,86,27,0.37714285714285717,-167.67118575026575,-138.65374158323948,-182.06107,-139.42824,14.161287732900469,339,False,227,75
302,ae252f7b-0224-4925-8174-7b25c2385bb7,572a95d1-39ca-42e1-8424-5c9ffcb2df87,probe01,cortexlab,KS020,UCL,Lab 1,CA1,2020-02-07,36,3,0.37714285714285717,-156.6962729195482,-129.46677204301554,-162.10077,-124.93515,13.99699120417245,339,False,227,75
303,ae252f7b-0224-4925-8174-7b25c2385bb7,572a95d1-39ca-42e1-8424-5c9ffcb2df87,probe01,cortexlab,KS020,UCL,Lab 1,DG,2020-02-07,32,3,0.37714285714285717,-150.23743925158112,-121.25748000208466,-152.56178,-115.83722,14.427764313529394,339,False,227,75
304,ae252f7b-0224-4925-8174-7b25c2385bb7,572a95d1-39ca-42e1-8424-5c9ffcb2df87,probe01,cortexlab,KS020,UCL,Lab 1,LP,2020-02-07,64,47,0.37714285714285717,-180.8372320896778,-159.32456550661658,-174.84619,-135.94537,27.324239421479906,339,False,227,75
305,ae252f7b-0224-4925-8174-7b25c2385bb7,572a95d1-39ca-42e1-8424-5c9ffcb2df87,probe01,cortexlab,KS020,UCL,Lab 1,PO,2020-02-07,56,47,0.37714285714285717,-185.72699191974394,-170.65743404860658,-178.5364,-138.42062,24.116947516817646,339,False,227,75
306,63a32e5c-f63a-450d-85cb-140947b67eaf,c4432264-e1ae-446f-8a07-6280abade813,probe00,mainenlab,ZFM-01576,CCU,Lab 2,PPC,2020-12-01,0,0,0.09428571428571429,,,-178.5364,-138.42062,0.0,848,True,189,66
307,63a32e5c-f63a-450d-85cb-140947b67eaf,c4432264-e1ae-446f-8a07-6280abade813,probe00,mainenlab,ZFM-01576,CCU,Lab 2,CA1,2020-12-01,58,9,0.09428571428571429,-162.72932456014283,-137.08841411555434,-167.59636,-134.75812,15.735185953239306,848,True,189,66
308,63a32e5c-f63a-450d-85cb-140947b67eaf,c4432264-e1ae-446f-8a07-6280abade813,probe00,mainenlab,ZFM-01576,CCU,Lab 2,DG,2020-12-01,54,0,0.09428571428571429,-162.85881384983702,-137.91090763826656,-161.16881,-129.20267,17.68078032737197,848,True,189,66
309,63a32e5c-f63a-450d-85cb-140947b67eaf,c4432264-e1ae-446f-8a07-6280abade813,probe00,mainenlab,ZFM-01576,CCU,Lab 2,LP,2020-12-01,0,0,0.09428571428571429,,,-161.16881,-129.20267,0.0,848,True,189,66
310,63a32e5c-f63a-450d-85cb-140947b67eaf,c4432264-e1ae-446f-8a07-6280abade813,probe00,mainenlab,ZFM-01576,CCU,Lab 2,PO,2020-12-01,0,0,0.09428571428571429,,,-161.16881,-129.20267,0.0,848,True,189,66
311,dc50c3de-5d84-4408-9725-22ae55b93522,38d95489-2e82-412a-8c1a-c5377b5f1555,probe01,mrsicflogellab,SWC_023,SWC,Lab 6,PPC,2020-02-13,94,0,0.02601156069364162,-177.0986228695586,-147.43042345211967,-201.70172,-179.66261,15.909677179762713,50,False,240,66
312,dc50c3de-5d84-4408-9725-22ae55b93522,38d95489-2e82-412a-8c1a-c5377b5f1555,probe01,mrsicflogellab,SWC_023,SWC,Lab 6,CA1,2020-02-13,66,0,0.02601156069364162,-167.85893301738326,-135.46455643601786,-185.60764,-148.63914,17.811516262152683,50,False,240,66
313,dc50c3de-5d84-4408-9725-22ae55b93522,38d95489-2e82-412a-8c1a-c5377b5f1555,probe01,mrsicflogellab,SWC_023,SWC,Lab 6,DG,2020-02-13,74,2,0.02601156069364162,-157.65739568438767,-127.08949520715873,-168.63802,-133.467,18.94773277654227,50,False,240,66
314,dc50c3de-5d84-4408-9725-22ae55b93522,38d95489-2e82-412a-8c1a-c5377b5f1555,probe01,mrsicflogellab,SWC_023,SWC,Lab 6,LP,2020-02-13,58,0,0.02601156069364162,-180.74740898754888,-153.06875277122344,-188.35757,-151.74963,19.964194184383757,50,False,240,66
315,dc50c3de-5d84-4408-9725-22ae55b93522,38d95489-2e82-412a-8c1a-c5377b5f1555,probe01,mrsicflogellab,SWC_023,SWC,Lab 6,PO,2020-02-13,16,4,0.02601156069364162,-183.3566182619723,-160.03240141932093,-192.12274,-156.83258,21.472781539826954,50,False,240,66
316,485b50c8-71e1-4654-9a07-64395c15f5ed,9b528ad0-4599-4a55-9148-96cc1d93fb24,probe00,steinmetzlab,NR_0019,UW,Lab 9,PPC,2022-04-29,64,2,0.11173184357541899,-172.80059359137152,-145.37605187956427,-166.35878,-118.567215,9.277249928383121,581,True,271,67
317,485b50c8-71e1-4654-9a07-64395c15f5ed,9b528ad0-4599-4a55-9148-96cc1d93fb24,probe00,steinmetzlab,NR_0019,UW,Lab 9,CA1,2022-04-29,62,15,0.11173184357541899,-165.9657659337027,-142.64534034638697,-163.31819,-118.22966,14.037790501745208,581,True,271,67
318,485b50c8-71e1-4654-9a07-64395c15f5ed,9b528ad0-4599-4a55-9148-96cc1d93fb24,probe00,steinmetzlab,NR_0019,UW,Lab 9,DG,2022-04-29,54,0,0.11173184357541899,-168.67456990588087,-142.03098710264916,-162.63913,-118.498344,10.827328914525738,581,True,271,67
319,485b50c8-71e1-4654-9a07-64395c15f5ed,9b528ad0-4599-4a55-9148-96cc1d93fb24,probe00,steinmetzlab,NR_0019,UW,Lab 9,LP,2022-04-29,6,0,0.11173184357541899,-177.0034957097363,-153.08406974538084,-164.20618,-118.19761,17.05183395731902,581,True,271,67
320,485b50c8-71e1-4654-9a07-64395c15f5ed,9b528ad0-4599-4a55-9148-96cc1d93fb24,probe00,steinmetzlab,NR_0019,UW,Lab 9,PO,2022-04-29,0,0,0.11173184357541899,,,-164.20618,-118.19761,0.0,581,True,271,67
321,3fded122-619c-4e65-aadd-d5420978d167,6c6b0d06-6039-4525-a74b-58cfaa1d3a60,probe00,steinmetzlab,NR_0027,UW,Lab 9,PPC,2022-08-19,50,13,0.10955056179775281,-171.04602902475926,-140.57931531015964,-147.38448,-141.66153,11.431696827292171,1006,True,169,40
322,3fded122-619c-4e65-aadd-d5420978d167,6c6b0d06-6039-4525-a74b-58cfaa1d3a60,probe00,steinmetzlab,NR_0027,UW,Lab 9,CA1,2022-08-19,66,5,0.10955056179775281,-161.537596213369,-133.63527916624986,-144.89296,-128.7059,11.20284694591341,1006,True,169,40
323,3fded122-619c-4e65-aadd-d5420978d167,6c6b0d06-6039-4525-a74b-58cfaa1d3a60,probe00,steinmetzlab,NR_0027,UW,Lab 9,DG,2022-08-19,50,2,0.10955056179775281,-157.1938934046421,-132.36772641245457,-142.32997,-123.68332,13.71729852940004,1006,True,169,40
324,3fded122-619c-4e65-aadd-d5420978d167,6c6b0d06-6039-4525-a74b-58cfaa1d3a60,probe00,steinmetzlab,NR_0027,UW,Lab 9,LP,2022-08-19,0,0,0.10955056179775281,,,-142.32997,-123.68332,0.0,1006,True,169,40
325,3fded122-619c-4e65-aadd-d5420978d167,6c6b0d06-6039-4525-a74b-58cfaa1d3a60,probe00,steinmetzlab,NR_0027,UW,Lab 9,PO,2022-08-19,0,0,0.10955056179775281,,,-142.32997,-123.68332,0.0,1006,True,169,40
326,41a3b948-13f4-4be7-90b9-150705d39005,7691eeb3-715b-4571-8fda-6bb57aab8253,probe00,angelakilab,NYU-30,NYU,Lab 4,PPC,2020-10-19,0,0,0.15773809523809523,,,-142.32997,-123.68332,0.0,785,True,153,67
327,41a3b948-13f4-4be7-90b9-150705d39005,7691eeb3-715b-4571-8fda-6bb57aab8253,probe00,angelakilab,NYU-30,NYU,Lab 4,CA1,2020-10-19,60,1,0.15773809523809523,-178.97265680694514,-149.85915328725113,-182.1661,-163.473,18.228614661040243,785,True,153,67
328,41a3b948-13f4-4be7-90b9-150705d39005,7691eeb3-715b-4571-8fda-6bb57aab8253,probe00,angelakilab,NYU-30,NYU,Lab 4,DG,2020-10-19,0,0,0.15773809523809523,,,-182.1661,-163.473,0.0,785,True,153,67
329,41a3b948-13f4-4be7-90b9-150705d39005,7691eeb3-715b-4571-8fda-6bb57aab8253,probe00,angelakilab,NYU-30,NYU,Lab 4,LP,2020-10-19,0,0,0.15773809523809523,,,-182.1661,-163.473,0.0,785,True,153,67
330,41a3b948-13f4-4be7-90b9-150705d39005,7691eeb3-715b-4571-8fda-6bb57aab8253,probe00,angelakilab,NYU-30,NYU,Lab 4,PO,2020-10-19,0,0,0.15773809523809523,,,-182.1661,-163.473,0.0,785,True,153,67
331,9657af01-50bd-4120-8303-416ad9e24a51,7f6b86f9-879a-4ea2-8531-294a221af5d0,probe00,zadorlab,CSH_ZAD_019,CSHL (Z),Lab 8,PPC,2020-08-14,96,7,0.08035714285714286,-170.95871569379108,-143.22393562062518,-177.30841,-145.28294,16.29661202161378,1013,True,276,86
332,9657af01-50bd-4120-8303-416ad9e24a51,7f6b86f9-879a-4ea2-8531-294a221af5d0,probe00,zadorlab,CSH_ZAD_019,CSHL (Z),Lab 8,CA1,2020-08-14,62,7,0.08035714285714286,-157.41920336971424,-131.33395916017858,-163.41866,-132.0965,17.763688735186918,1013,True,276,86
333,9657af01-50bd-4120-8303-416ad9e24a51,7f6b86f9-879a-4ea2-8531-294a221af5d0,probe00,zadorlab,CSH_ZAD_019,CSHL (Z),Lab 8,DG,2020-08-14,60,1,0.08035714285714286,-153.17359611256853,-129.48075464630062,-152.59467,-121.8748,18.467308820308407,1013,True,276,86
334,9657af01-50bd-4120-8303-416ad9e24a51,7f6b86f9-879a-4ea2-8531-294a221af5d0,probe00,zadorlab,CSH_ZAD_019,CSHL (Z),Lab 8,LP,2020-08-14,0,0,0.08035714285714286,,,-152.59467,-121.8748,0.0,1013,True,276,86
335,9657af01-50bd-4120-8303-416ad9e24a51,7f6b86f9-879a-4ea2-8531-294a221af5d0,probe00,zadorlab,CSH_ZAD_019,CSHL (Z),Lab 8,PO,2020-08-14,0,0,0.08035714285714286,,,-152.59467,-121.8748,0.0,1013,True,276,86
336,9e44ddb5-7c7c-48f1-954a-6cec2ad26088,5dcee0eb-b34d-4652-acc3-d10afc6eae68,probe00,cortexlab,KS075,UCL,Lab 1,PPC,2021-12-09,74,4,0.06077348066298342,-166.04594693247412,-137.77118449532384,-146.74341,-133.12656,11.338502750817666,828,True,163,51
337,9e44ddb5-7c7c-48f1-954a-6cec2ad26088,5dcee0eb-b34d-4652-acc3-d10afc6eae68,probe00,cortexlab,KS075,UCL,Lab 1,CA1,2021-12-09,58,1,0.06077348066298342,-159.19970435666426,-131.3468540674839,-144.24617,-122.73671,10.614814223793028,828,True,163,51
338,9e44ddb5-7c7c-48f1-954a-6cec2ad26088,5dcee0eb-b34d-4652-acc3-d10afc6eae68,probe00,cortexlab,KS075,UCL,Lab 1,DG,2021-12-09,72,1,0.06077348066298342,-154.62994857957563,-130.79188862440256,-143.03288,-122.337265,10.849085651530403,828,True,163,51
339,9e44ddb5-7c7c-48f1-954a-6cec2ad26088,5dcee0eb-b34d-4652-acc3-d10afc6eae68,probe00,cortexlab,KS075,UCL,Lab 1,LP,2021-12-09,70,8,0.06077348066298342,-184.59289081500762,-162.61448657916776,-146.91248,-132.04973,14.628701088579167,828,True,163,51
340,9e44ddb5-7c7c-48f1-954a-6cec2ad26088,5dcee0eb-b34d-4652-acc3-d10afc6eae68,probe00,cortexlab,KS075,UCL,Lab 1,PO,2021-12-09,52,5,0.06077348066298342,-188.5706004405871,-170.47528465407868,-147.29668,-133.68333,19.078022697723465,828,True,163,51
341,bbe6ebc1-d32f-42dd-a89c-211226737deb,1b715600-0cbc-442c-bd00-5b0ac2865de1,probe01,cortexlab,KS084,UCL,Lab 1,PPC,2022-01-31,84,13,0.1388888888888889,-168.91987245941098,-139.87428637295613,-165.53845,-123.59694,12.370924667603571,437,True,167,44
342,bbe6ebc1-d32f-42dd-a89c-211226737deb,1b715600-0cbc-442c-bd00-5b0ac2865de1,probe01,cortexlab,KS084,UCL,Lab 1,CA1,2022-01-31,52,2,0.1388888888888889,-160.66257132447006,-132.3564851510457,-160.13242,-119.130035,12.73051545070975,437,True,167,44
343,bbe6ebc1-d32f-42dd-a89c-211226737deb,1b715600-0cbc-442c-bd00-5b0ac2865de1,probe01,cortexlab,KS084,UCL,Lab 1,DG,2022-01-31,64,6,0.1388888888888889,-150.71732077662085,-126.15783498350714,-152.37837,-117.69609,12.740810405556433,437,True,167,44
344,bbe6ebc1-d32f-42dd-a89c-211226737deb,1b715600-0cbc-442c-bd00-5b0ac2865de1,probe01,cortexlab,KS084,UCL,Lab 1,LP,2022-01-31,70,7,0.1388888888888889,-180.34360645221463,-156.3205862800955,-164.7439,-123.14746,18.536146938041664,437,True,167,44
345,bbe6ebc1-d32f-42dd-a89c-211226737deb,1b715600-0cbc-442c-bd00-5b0ac2865de1,probe01,cortexlab,KS084,UCL,Lab 1,PO,2022-01-31,0,0,0.1388888888888889,,,-164.7439,-123.14746,0.0,437,True,167,44
346,dab512bd-a02d-4c1f-8dbc-9155a163efc0,d23a44ef-1402-4ed7-97f5-47e9a7a504d9,probe00,danlab,DY_016,Berkeley,Lab 7,PPC,2020-09-12,28,6,0.23121387283236994,-173.39034652092275,-144.3145272329414,-195.21214,-157.63365,12.653476160546074,410,True,122,32
347,dab512bd-a02d-4c1f-8dbc-9155a163efc0,d23a44ef-1402-4ed7-97f5-47e9a7a504d9,probe00,danlab,DY_016,Berkeley,Lab 7,CA1,2020-09-12,56,13,0.23121387283236994,-163.70925984446143,-136.25346292150522,-175.59929,-141.25233,17.157888838698348,410,True,122,32
348,dab512bd-a02d-4c1f-8dbc-9155a163efc0,d23a44ef-1402-4ed7-97f5-47e9a7a504d9,probe00,danlab,DY_016,Berkeley,Lab 7,DG,2020-09-12,66,7,0.23121387283236994,-152.26601739571245,-127.86430642307101,-157.1107,-125.93247,18.90795507161428,410,True,122,32
349,dab512bd-a02d-4c1f-8dbc-9155a163efc0,d23a44ef-1402-4ed7-97f5-47e9a7a504d9,probe00,danlab,DY_016,Berkeley,Lab 7,LP,2020-09-12,62,12,0.23121387283236994,-185.0388229238032,-160.59017490173602,-182.74834,-148.45705,20.433658459450893,410,True,122,32
350,dab512bd-a02d-4c1f-8dbc-9155a163efc0,d23a44ef-1402-4ed7-97f5-47e9a7a504d9,probe00,danlab,DY_016,Berkeley,Lab 7,PO,2020-09-12,82,21,0.23121387283236994,-191.48306518362338,-172.58638076962043,-188.90933,-156.0402,22.717406082365358,410,True,122,32
351,f9d8aacd-b2a0-49f2-bd71-c2f5aadcfdd1,8a3a0197-b40a-449f-be55-c00b23253bbf,probe00,churchlandlab_ucla,UCLA034,UCLA,Lab 10,PPC,2022-01-25,0,0,0.2342857142857143,,,-188.90933,-156.0402,0.0,417,True,181,33
352,f9d8aacd-b2a0-49f2-bd71-c2f5aadcfdd1,8a3a0197-b40a-449f-be55-c00b23253bbf,probe00,churchlandlab_ucla,UCLA034,UCLA,Lab 10,CA1,2022-01-25,52,12,0.2342857142857143,-156.92971838867905,-131.0851171243123,-160.21544,-126.12483,17.54853415466688,417,True,181,33
353,f9d8aacd-b2a0-49f2-bd71-c2f5aadcfdd1,8a3a0197-b40a-449f-be55-c00b23253bbf,probe00,churchlandlab_ucla,UCLA034,UCLA,Lab 10,DG,2022-01-25,60,5,0.2342857142857143,-152.42834159596697,-129.17558077239926,-152.69197,-119.4954,13.028637971595403,417,True,181,33
354,f9d8aacd-b2a0-49f2-bd71-c2f5aadcfdd1,8a3a0197-b40a-449f-be55-c00b23253bbf,probe00,churchlandlab_ucla,UCLA034,UCLA,Lab 10,LP,2022-01-25,18,7,0.2342857142857143,-183.08984011077806,-158.25136287010966,-176.1776,-142.61201,13.142211473400305,417,True,181,33
355,f9d8aacd-b2a0-49f2-bd71-c2f5aadcfdd1,8a3a0197-b40a-449f-be55-c00b23253bbf,probe00,churchlandlab_ucla,UCLA034,UCLA,Lab 10,PO,2022-01-25,0,0,0.2342857142857143,,,-176.1776,-142.61201,0.0,417,True,181,33
356,0aafb6f1-6c10-4886-8f03-543988e02d9e,3e6a97d3-3991-49e2-b346-6948cb4580fb,probe00,steinmetzlab,NR_0020,UW,Lab 9,PPC,2022-05-08,78,18,0.1497005988023952,-171.8694319890334,-141.98031545727005,-187.35596,-157.16875,11.345140190745221,525,True,235,66
357,0aafb6f1-6c10-4886-8f03-543988e02d9e,3e6a97d3-3991-49e2-b346-6948cb4580fb,probe00,steinmetzlab,NR_0020,UW,Lab 9,CA1,2022-05-08,48,4,0.1497005988023952,-165.38064020538266,-136.44494741821222,-inf,-inf,12.477326847626482,525,True,235,66
358,0aafb6f1-6c10-4886-8f03-543988e02d9e,3e6a97d3-3991-49e2-b346-6948cb4580fb,probe00,steinmetzlab,NR_0020,UW,Lab 9,DG,2022-05-08,60,1,0.1497005988023952,-155.07317980194026,-129.2774937159214,-158.156,-126.78521,13.2095859193026,525,True,235,66
359,0aafb6f1-6c10-4886-8f03-543988e02d9e,3e6a97d3-3991-49e2-b346-6948cb4580fb,probe00,steinmetzlab,NR_0020,UW,Lab 9,LP,2022-05-08,2,0,0.1497005988023952,-172.62737164560872,-143.89342389170247,-169.59206,-134.53,12.134720510893468,525,True,235,66
360,0aafb6f1-6c10-4886-8f03-543988e02d9e,3e6a97d3-3991-49e2-b346-6948cb4580fb,probe00,steinmetzlab,NR_0020,UW,Lab 9,PO,2022-05-08,0,0,0.1497005988023952,,,-169.59206,-134.53,0.0,525,True,235,66
361,94e948c1-f7be-4868-893a-f7cd2df3313e,03d9a098-07bf-4765-88b7-85f8d8f620cc,probe00,churchlandlab_ucla,UCLA014,UCLA,Lab 10,PPC,2021-08-18,0,0,0.0898876404494382,,,-169.59206,-134.53,0.0,581,True,155,52
362,94e948c1-f7be-4868-893a-f7cd2df3313e,03d9a098-07bf-4765-88b7-85f8d8f620cc,probe00,churchlandlab_ucla,UCLA014,UCLA,Lab 10,CA1,2021-08-18,0,0,0.0898876404494382,,,-169.59206,-134.53,0.0,581,True,155,52
363,94e948c1-f7be-4868-893a-f7cd2df3313e,03d9a098-07bf-4765-88b7-85f8d8f620cc,probe00,churchlandlab_ucla,UCLA014,UCLA,Lab 10,DG,2021-08-18,46,0,0.0898876404494382,-162.04267641006626,-136.5690585246425,-161.26302,-132.33598,16.72700569031758,581,True,155,52
364,94e948c1-f7be-4868-893a-f7cd2df3313e,03d9a098-07bf-4765-88b7-85f8d8f620cc,probe00,churchlandlab_ucla,UCLA014,UCLA,Lab 10,LP,2021-08-18,0,0,0.0898876404494382,,,-161.26302,-132.33598,0.0,581,True,155,52
365,94e948c1-f7be-4868-893a-f7cd2df3313e,03d9a098-07bf-4765-88b7-85f8d8f620cc,probe00,churchlandlab_ucla,UCLA014,UCLA,Lab 10,PO,2021-08-18,0,0,0.0898876404494382,,,-161.26302,-132.33598,0.0,581,True,155,52
