,Unnamed: 0,pid,level
0,0,0b8ea3ec-e75b-41a1-9442-64f5fbc11a5a,2
1,1,e42e948c-3154-45cb-bf52-408b7cda0f2f,1
2,2,ce397420-3cd2-4a55-8fd1-5e28321981f4,2
3,3,b83407f8-8220-46f9-9b90-a4c9f150c572,1
4,4,f4bd76a6-66c9-41f3-9311-6962315f8fc8,2
5,5,3d3d5a5e-df26-43ee-80b6-2d72d85668a5,2
6,6,e31b4e39-e350-47a9-aca4-72496d99ff2a,2
7,7,6fc4d73c-2071-43ec-a756-c6c6d8322c8b,2
8,8,1e176f17-d00f-49bb-87ff-26d237b525f1,2
9,9,16799c7a-e395-435d-a4c4-a678007e1550,2
10,10,b25799a5-09e8-4656-9c1b-44bc9cbb5279,2
11,11,c17772a9-21b5-49df-ab31-3017addea12e,2
12,12,22212d26-a167-45fb-9963-35ecd003e8a2,1
13,13,0851db85-2889-4070-ac18-a40e8ebd96ba,1
14,14,eeb27b45-5b85-4e5c-b6ff-f639ca5687de,2
15,15,69f42a9c-095d-4a25-bca8-61a9869871d3,2
16,16,f03b61b4-6b13-479d-940f-d1608eb275cc,2
17,17,b2746c16-7152-45a3-a7f0-477985638638,0
18,18,f86e9571-63ff-4116-9c40-aa44d57d2da9,2
19,19,31f3e083-a324-4b88-b0a4-7788ec37b191,2
20,20,f2ee886d-5b9c-4d06-a9be-ee7ae8381114,2
21,21,f26a6ab1-7e37-4f8d-bb50-295c056e1062,2
22,22,f2a098e7-a67e-4125-92d8-36fc6b606c45,2
23,23,c4f6665f-8be5-476b-a6e8-d81eeae9279d,1
24,24,57656bee-e32e-4848-b924-0f6f18cfdfb1,1
25,25,1a60a6e1-da99-4d4e-a734-39b1d4544fad,2
26,26,1f3d3fcb-f188-47a2-87e5-ac1db6cf393a,0
27,27,27bac116-ea57-4512-ad35-714a62d259cd,1
28,28,5246af08-0730-40f7-83de-29b5d62b9b6d,2
29,29,7d999a68-0215-4e45-8e6c-879c6ca2b771,2
30,30,9117969a-3f0d-478b-ad75-98263e3bfacf,2
31,31,6b6af675-e1ef-43a6-b408-95cfc71fe2cc,2
32,32,febb430e-2d50-4f83-87a0-b5ffbb9a4943,2
33,33,ad714133-1e03-4d3a-8427-33fc483daf1a,2
34,34,4b93a168-0f3b-4124-88fa-a57046ca70e1,1
35,35,bc1602ba-dd6c-4ae4-bcb2-4925e7c8632a,2
36,36,7cbecb3f-6a8a-48e5-a3be-8f7a762b5a04,1
37,37,c07d13ed-e387-4457-8e33-1d16aed3fd92,2
38,38,7f3dddf8-637f-47bb-a7b7-e303277b2107,0
39,39,8b7c808f-763b-44c8-b273-63c6afbc6aae,2
40,40,e49f221d-399d-4297-bb7d-2d23cc0e4acc,2
41,41,80f6ffdd-f692-450f-ab19-cd6d45bfd73e,2
42,42,63517fd4-ece1-49eb-9259-371dc30b1dd6,2
43,43,f93bfce4-e814-4ae3-9cdf-59f4dcdedf51,2
44,44,8ca1a850-26ef-42be-8b28-c2e2d12f06d6,1
45,45,70da415f-444d-4148-ade7-a1f58a16fcf8,2
46,46,6e1379e8-3af0-4fc5-8ba8-37d3bb02226b,2
47,47,8d59da25-3a9c-44be-8b1a-e27cdd39ca34,2
48,48,bf96f6d6-4726-4cfa-804a-bca8f9262721,2
49,49,a3d13b05-bf4d-427a-a2d5-2fe050d603ec,0
50,50,19baa84c-22a5-4589-9cbd-c23f111c054c,2
51,51,143dd7cf-6a47-47a1-906d-927ad7fe9117,2
52,52,84bb830f-b9ff-4e6b-9296-f458fb41d160,2
53,53,ca5764ea-a57e-49de-8156-84da18ad439f,0
54,54,02cc03e4-8015-4050-bb42-6c832091febb,2
55,55,a12c8ae8-d5ad-4d15-b805-436ad23e5ad1,2
56,56,523f8301-4f56-4faf-ab33-a9ff11331118,2
57,57,b749446c-18e3-4987-820a-50649ab0f826,2
58,58,36362f75-96d8-4ed4-a728-5e72284d0995,2
59,59,99b8eb91-393d-4ed1-913e-ce5ee2e31bc3,2
60,60,8abf098f-d4f6-4957-9c0a-f53685db74cc,2
61,61,11a5a93e-58a9-4ed0-995e-52279ec16b98,1
62,62,84fd7fa3-6c2d-4233-b265-46a427d3d68d,1
63,63,ae252f7b-0224-4925-8174-7b25c2385bb7,0
64,64,63a32e5c-f63a-450d-85cb-140947b67eaf,1
65,65,dc50c3de-5d84-4408-9725-22ae55b93522,0
66,66,41a3b948-13f4-4be7-90b9-150705d39005,0
67,67,9657af01-50bd-4120-8303-416ad9e24a51,1
68,68,9e44ddb5-7c7c-48f1-954a-6cec2ad26088,1
69,69,bbe6ebc1-d32f-42dd-a89c-211226737deb,1
70,70,dab512bd-a02d-4c1f-8dbc-9155a163efc0,2
71,71,f9d8aacd-b2a0-49f2-bd71-c2f5aadcfdd1,2
72,72,94e948c1-f7be-4868-893a-f7cd2df3313e,0
