,pid,eid,probe,lab,subject,region,date,n_channels,neuron_yield,median_firing_rate,mean_firing_rate,spike_amp_mean,spike_amp_90,pt_ratio,rp_slope,lfp_power_low,lfp_power_high,lfp_band_low,lfp_band_high,rms_ap,rms_ap_p90
1,ce397420-3cd2-4a55-8fd1-5e28321981f4,56b57c38-2699-4091-90a8-aba35103155e,probe01,mrsicflogellab,SWC_054,PPC,2020-10-05,46,55.0,0.5827223084120978,1.222706320820413,141.2569364631543,,0.4851369127134573,23.10419449853519,-142.86113,-184.58458,"[2, 15]","[20, 80]",4831039.0,19.2
2,ce397420-3cd2-4a55-8fd1-5e28321981f4,56b57c38-2699-4091-90a8-aba35103155e,probe01,mrsicflogellab,SWC_054,CA1,2020-10-05,56,12.0,4.055061710891246,6.772841014991674,146.9435303089646,,0.39433370340845425,27.976477073888745,-129.35605,-166.22807,"[2, 15]","[20, 80]",5301345.0,19.2
3,ce397420-3cd2-4a55-8fd1-5e28321981f4,56b57c38-2699-4091-90a8-aba35103155e,probe01,mrsicflogellab,SWC_054,DG,2020-10-05,70,7.0,3.580804101061736,5.16954435872646,137.25103331813796,163.1484375,0.4117664639039778,20.033152829268317,-123.27786,-155.58247,"[2, 15]","[20, 80]",5109401.0,19.2
4,ce397420-3cd2-4a55-8fd1-5e28321981f4,56b57c38-2699-4091-90a8-aba35103155e,probe01,mrsicflogellab,SWC_054,LP,2020-10-05,56,49.0,4.999169787041266,4.712835374751378,126.42308205679393,,0.40912846030393274,18.846588937060506,-138.1233,-176.04083,"[2, 15]","[20, 80]",6124350.0,19.2
5,ce397420-3cd2-4a55-8fd1-5e28321981f4,56b57c38-2699-4091-90a8-aba35103155e,probe01,mrsicflogellab,SWC_054,PO,2020-10-05,46,49.0,3.007385762279747,4.035139623396485,127.418128325137,,0.40213802070964083,19.662404357079016,-141.1532,-180.62053,"[2, 15]","[20, 80]",6604147.5,19.2
6,f4bd76a6-66c9-41f3-9311-6962315f8fc8,72cb5550-43b4-4ef0-add5-e4adfdfb5e02,probe00,mainenlab,ZFM-02369,PPC,2021-05-19,42,5.0,10.32934759537379,8.62011855896731,169.11882738690343,177.90342194570133,0.486425199160883,20.22773196643821,-146.48326,-179.61028,"[2, 15]","[20, 80]",7579334.5,21.5
7,f4bd76a6-66c9-41f3-9311-6962315f8fc8,72cb5550-43b4-4ef0-add5-e4adfdfb5e02,probe00,mainenlab,ZFM-02369,CA1,2021-05-19,56,0.0,,,,,,,-123.2643,-157.08482,"[2, 15]","[20, 80]",4417129.5,21.5
8,f4bd76a6-66c9-41f3-9311-6962315f8fc8,72cb5550-43b4-4ef0-add5-e4adfdfb5e02,probe00,mainenlab,ZFM-02369,DG,2021-05-19,52,7.0,0.19524688675879176,4.211124442844116,168.96975056531429,215.07812499999994,0.5433883915002399,21.11949905538889,-124.244995,-152.49742,"[2, 15]","[20, 80]",5449463.0,21.5
9,f4bd76a6-66c9-41f3-9311-6962315f8fc8,72cb5550-43b4-4ef0-add5-e4adfdfb5e02,probe00,mainenlab,ZFM-02369,LP,2021-05-19,60,27.0,7.722801657143919,7.210791773130729,169.99144459086662,187.63154119091342,0.47196531851351053,21.20752628452765,-139.50282,-170.04773,"[2, 15]","[20, 80]",7099706.0,21.5
10,f4bd76a6-66c9-41f3-9311-6962315f8fc8,72cb5550-43b4-4ef0-add5-e4adfdfb5e02,probe00,mainenlab,ZFM-02369,PO,2021-05-19,94,66.0,6.482590283308738,6.592056414198773,175.6366214867772,,0.48085966772377775,21.539061413075952,-142.09474,-172.57938,"[2, 15]","[20, 80]",8202558.0,21.5
11,e31b4e39-e350-47a9-aca4-72496d99ff2a,746d1902-fa59-4cab-b0aa-013be36060d5,probe00,mainenlab,ZFM-01592,PPC,2020-10-20,0,,,,,,,,,,"[2, 15]","[20, 80]",,21.2
12,e31b4e39-e350-47a9-aca4-72496d99ff2a,746d1902-fa59-4cab-b0aa-013be36060d5,probe00,mainenlab,ZFM-01592,CA1,2020-10-20,26,8.0,2.4219982500245907,3.3064559740034314,207.3022371720599,310.96093749999994,0.43496835287311225,31.28498053607634,-134.20903,-164.73839,"[2, 15]","[20, 80]",4540740.5,21.2
13,e31b4e39-e350-47a9-aca4-72496d99ff2a,746d1902-fa59-4cab-b0aa-013be36060d5,probe00,mainenlab,ZFM-01592,DG,2020-10-20,62,10.0,3.968192338968982,8.551918739364371,168.13677910274617,189.0052532327586,0.4602507161382047,24.744693189174647,-121.83594,-154.6627,"[2, 15]","[20, 80]",4499312.5,21.2
14,e31b4e39-e350-47a9-aca4-72496d99ff2a,746d1902-fa59-4cab-b0aa-013be36060d5,probe00,mainenlab,ZFM-01592,LP,2020-10-20,68,58.0,4.605603334211584,5.132270027357373,181.44387120286524,211.67578124999997,0.4417897351789952,25.880769754396496,-138.6186,-172.00609,"[2, 15]","[20, 80]",7212417.0,21.2
15,e31b4e39-e350-47a9-aca4-72496d99ff2a,746d1902-fa59-4cab-b0aa-013be36060d5,probe00,mainenlab,ZFM-01592,PO,2020-10-20,84,78.0,5.074213071021923,5.274283398648194,179.0478657360776,203.70432692307682,0.4479826926977535,26.096035243718358,-143.15451,-176.07549,"[2, 15]","[20, 80]",7799686.5,21.2
16,6fc4d73c-2071-43ec-a756-c6c6d8322c8b,dac3a4c1-b666-4de0-87e8-8c514483cacf,probe01,hoferlab,SWC_060,PPC,2020-11-24,68,1.0,1.2687192068679838,1.2687192068679838,135.82031249999994,135.82031249999994,0.4448295782784517,15.761718749999993,-163.28883,-190.15108,"[2, 15]","[20, 80]",3962540.0,18.6
17,6fc4d73c-2071-43ec-a756-c6c6d8322c8b,dac3a4c1-b666-4de0-87e8-8c514483cacf,probe01,hoferlab,SWC_060,CA1,2020-11-24,58,1.0,10.647914442800314,10.647914442800314,118.73504784688998,118.73504784688998,0.36513452192083856,17.320200358851682,-139.94792,-168.9518,"[2, 15]","[20, 80]",6397578.0,18.6
18,6fc4d73c-2071-43ec-a756-c6c6d8322c8b,dac3a4c1-b666-4de0-87e8-8c514483cacf,probe01,hoferlab,SWC_060,DG,2020-11-24,72,4.0,0.6085363080004886,4.593822610852032,143.97867518567057,,0.3995417392770233,21.017297400611614,-129.05652,-157.88966,"[2, 15]","[20, 80]",5379665.0,18.6
19,6fc4d73c-2071-43ec-a756-c6c6d8322c8b,dac3a4c1-b666-4de0-87e8-8c514483cacf,probe01,hoferlab,SWC_060,LP,2020-11-24,66,24.0,2.9002720584345583,4.033618722539497,131.40988507172491,146.779296875,0.43631936392530474,17.824000704191068,-144.83084,-175.05879,"[2, 15]","[20, 80]",6573568.5,18.6
20,6fc4d73c-2071-43ec-a756-c6c6d8322c8b,dac3a4c1-b666-4de0-87e8-8c514483cacf,probe01,hoferlab,SWC_060,PO,2020-11-24,56,26.0,3.3792560530576825,3.2657207203922374,131.42491866698435,145.33334362648222,0.4219298573811805,16.64987619511797,-146.54651,-177.34273,"[2, 15]","[20, 80]",6819988.5,18.6
21,1e176f17-d00f-49bb-87ff-26d237b525f1,a8a8af78-16de-4841-ab07-fde4b5281a03,probe00,angelakilab,NYU-12,PPC,2020-01-22,52,18.0,1.5300550012921834,1.8147323421019326,187.06909533956156,,0.5028440596028013,25.915187068071592,-146.83273,-181.12917,"[2, 15]","[20, 80]",5465768.0,21.4
22,1e176f17-d00f-49bb-87ff-26d237b525f1,a8a8af78-16de-4841-ab07-fde4b5281a03,probe00,angelakilab,NYU-12,CA1,2020-01-22,46,12.0,0.39209872297576875,0.9895198680533142,185.95583142780333,222.7627840909091,0.4936930245689088,26.006890926291984,-138.52853,-169.12196,"[2, 15]","[20, 80]",5191971.0,21.4
23,1e176f17-d00f-49bb-87ff-26d237b525f1,a8a8af78-16de-4841-ab07-fde4b5281a03,probe00,angelakilab,NYU-12,DG,2020-01-22,30,4.0,6.583232351675466,6.610495149880308,191.8184481625928,197.6072257303713,0.48568899965625745,25.77533072463149,-125.17042,-157.5085,"[2, 15]","[20, 80]",5541350.0,21.4
24,1e176f17-d00f-49bb-87ff-26d237b525f1,a8a8af78-16de-4841-ab07-fde4b5281a03,probe00,angelakilab,NYU-12,LP,2020-01-22,54,2.0,5.3398666643444095,5.3398666643444095,204.79482518564353,229.1318262685643,0.5010436256319268,26.86586285581682,-155.53407,-183.93803,"[2, 15]","[20, 80]",6541227.5,21.4
25,1e176f17-d00f-49bb-87ff-26d237b525f1,a8a8af78-16de-4841-ab07-fde4b5281a03,probe00,angelakilab,NYU-12,PO,2020-01-22,2,0.0,,,,,,,-155.91487,-184.19353,"[2, 15]","[20, 80]",7868900.5,21.4
26,b25799a5-09e8-4656-9c1b-44bc9cbb5279,d2832a38-27f6-452d-91d6-af72d794136c,probe00,wittenlab,ibl_witten_29,PPC,2021-06-08,64,4.0,2.132567363502446,6.454379180588017,144.78965147365463,198.94029850746267,0.4856345880891758,19.555719036064275,-149.66661,-165.77777,"[2, 15]","[20, 80]",3826712.5,21.0
27,b25799a5-09e8-4656-9c1b-44bc9cbb5279,d2832a38-27f6-452d-91d6-af72d794136c,probe00,wittenlab,ibl_witten_29,CA1,2021-06-08,52,2.0,4.660355783850982,4.660355783850982,136.99642319277103,139.60137424698792,0.4013448665398104,17.740493222891562,-133.54666,-156.21228,"[2, 15]","[20, 80]",4240013.5,21.0
28,b25799a5-09e8-4656-9c1b-44bc9cbb5279,d2832a38-27f6-452d-91d6-af72d794136c,probe00,wittenlab,ibl_witten_29,DG,2021-06-08,58,9.0,1.179196985671679,3.0723739932797165,153.03954493693215,,0.4594859960857823,20.106104952976487,-127.02674,-150.4244,"[2, 15]","[20, 80]",4909115.0,21.0
29,b25799a5-09e8-4656-9c1b-44bc9cbb5279,d2832a38-27f6-452d-91d6-af72d794136c,probe00,wittenlab,ibl_witten_29,LP,2021-06-08,56,24.0,3.6193979928272544,5.3736935416339255,145.2545942500174,162.64723557692307,0.4457381697559614,19.199757473881032,-145.42857,-163.17502,"[2, 15]","[20, 80]",5906199.5,21.0
30,b25799a5-09e8-4656-9c1b-44bc9cbb5279,d2832a38-27f6-452d-91d6-af72d794136c,probe00,wittenlab,ibl_witten_29,PO,2021-06-08,90,68.0,5.52143606858581,6.11103456142165,138.71043271514577,163.92765410958896,0.42168182686440714,18.491831738118286,-149.59462,-165.45131,"[2, 15]","[20, 80]",7402656.0,21.0
31,c17772a9-21b5-49df-ab31-3017addea12e,6f09ba7e-e3ce-44b0-932b-c003fb44fb89,probe01,hoferlab,SWC_043,PPC,2020-09-16,40,0.0,,,,,,,-149.54858,-191.4213,"[2, 15]","[20, 80]",2795493.8,21.4
32,c17772a9-21b5-49df-ab31-3017addea12e,6f09ba7e-e3ce-44b0-932b-c003fb44fb89,probe01,hoferlab,SWC_043,CA1,2020-09-16,52,9.0,2.6985888118758603,3.288417196029174,182.96538743054532,,0.4882190296125837,25.78559501597282,-132.47862,-164.28305,"[2, 15]","[20, 80]",7090584.5,21.4
33,c17772a9-21b5-49df-ab31-3017addea12e,6f09ba7e-e3ce-44b0-932b-c003fb44fb89,probe01,hoferlab,SWC_043,DG,2020-09-16,96,2.0,3.8300151761313157,3.8300151761313157,168.64769345238093,216.78664434523805,0.5138643487925615,22.50744047619047,-122.153114,-152.42268,"[2, 15]","[20, 80]",7067709.5,21.4
34,c17772a9-21b5-49df-ab31-3017addea12e,6f09ba7e-e3ce-44b0-932b-c003fb44fb89,probe01,hoferlab,SWC_043,LP,2020-09-16,84,68.0,2.1202322835541096,2.9188656001566677,157.7432728543529,,0.5070391096419501,20.379926272565747,-138.94417,-169.89558,"[2, 15]","[20, 80]",7056762.0,21.4
35,c17772a9-21b5-49df-ab31-3017addea12e,6f09ba7e-e3ce-44b0-932b-c003fb44fb89,probe01,hoferlab,SWC_043,PO,2020-09-16,70,55.0,3.5770607550453577,3.8210538714303492,131.4608049854832,,0.4973153184889532,16.307208031047942,-142.13889,-172.92026,"[2, 15]","[20, 80]",7379848.0,21.4
36,0851db85-2889-4070-ac18-a40e8ebd96ba,73918ae1-e4fd-4c18-b132-00cb555b1ad2,probe01,wittenlab,ibl_witten_27,PPC,2021-01-21,86,21.0,1.5948920576520331,3.1807878848791877,122.58939489672817,164.64843749999997,0.5041212728650775,30.037905958992415,-157.85727,-183.36931,"[2, 15]","[20, 80]",5492614.0,16.7
37,0851db85-2889-4070-ac18-a40e8ebd96ba,73918ae1-e4fd-4c18-b132-00cb555b1ad2,probe01,wittenlab,ibl_witten_27,CA1,2021-01-21,66,7.0,1.007888022428681,0.8466538581758934,130.84079691659272,210.58593749999994,0.6132255222865075,42.526654003992896,-152.65515,-178.12639,"[2, 15]","[20, 80]",5315498.0,16.7
38,0851db85-2889-4070-ac18-a40e8ebd96ba,73918ae1-e4fd-4c18-b132-00cb555b1ad2,probe01,wittenlab,ibl_witten_27,DG,2021-01-21,52,1.0,1.9980937988498413,1.9980937988498413,105.68985849056597,105.68985849056597,0.5098496929915778,17.865566037735825,-139.63655,-163.86087,"[2, 15]","[20, 80]",4723388.0,16.7
39,0851db85-2889-4070-ac18-a40e8ebd96ba,73918ae1-e4fd-4c18-b132-00cb555b1ad2,probe01,wittenlab,ibl_witten_27,LP,2021-01-21,10,0.0,,,,,,,-151.05255,-175.54561,"[2, 15]","[20, 80]",5717118.0,16.7
40,0851db85-2889-4070-ac18-a40e8ebd96ba,73918ae1-e4fd-4c18-b132-00cb555b1ad2,probe01,wittenlab,ibl_witten_27,PO,2021-01-21,0,,,,,,,,,,"[2, 15]","[20, 80]",,16.7
41,eeb27b45-5b85-4e5c-b6ff-f639ca5687de,f312aaec-3b6f-44b3-86b4-3a0c119c0438,probe00,churchlandlab,CSHL058,PPC,2020-07-07,100,49.0,1.4416033632988534,3.294177179177852,146.574807668454,,0.4644720260479758,20.790868206687104,-154.76105,-184.0694,"[2, 15]","[20, 80]",4447651.0,21.2
42,eeb27b45-5b85-4e5c-b6ff-f639ca5687de,f312aaec-3b6f-44b3-86b4-3a0c119c0438,probe00,churchlandlab,CSHL058,CA1,2020-07-07,46,7.0,2.6011236652935357,6.485299580857111,134.83356432721067,157.5528038537549,0.4859902338190216,18.9746222460659,-138.65834,-166.57512,"[2, 15]","[20, 80]",4681919.0,21.2
43,eeb27b45-5b85-4e5c-b6ff-f639ca5687de,f312aaec-3b6f-44b3-86b4-3a0c119c0438,probe00,churchlandlab,CSHL058,DG,2020-07-07,50,0.0,,,,,,,-123.88567,-154.40038,"[2, 15]","[20, 80]",4886102.5,21.2
44,eeb27b45-5b85-4e5c-b6ff-f639ca5687de,f312aaec-3b6f-44b3-86b4-3a0c119c0438,probe00,churchlandlab,CSHL058,LP,2020-07-07,70,49.0,6.405073341993239,7.695037802949159,148.6342270224055,177.71205357142853,0.45467148079403763,20.134395489858974,-147.00877,-173.8545,"[2, 15]","[20, 80]",8245314.0,21.2
45,eeb27b45-5b85-4e5c-b6ff-f639ca5687de,f312aaec-3b6f-44b3-86b4-3a0c119c0438,probe00,churchlandlab,CSHL058,PO,2020-07-07,50,27.0,4.855603005252015,5.66775059842001,142.38098630532167,,0.45127209758501274,19.058095716295128,-152.52786,-178.74496,"[2, 15]","[20, 80]",7518603.0,21.2
46,69f42a9c-095d-4a25-bca8-61a9869871d3,dda5fc59-f09a-4256-9fb5-66c67667a466,probe00,churchlandlab,CSHL059,PPC,2020-03-06,28,11.0,5.4802647129501105,5.972527208645536,131.9914282703649,,0.37241364234053476,25.173057436661274,-131.05643,-167.73283,"[2, 15]","[20, 80]",4159115.5,17.6
47,69f42a9c-095d-4a25-bca8-61a9869871d3,dda5fc59-f09a-4256-9fb5-66c67667a466,probe00,churchlandlab,CSHL059,CA1,2020-03-06,42,6.0,1.3286500012025502,1.4898715945647611,211.625,,0.48074073567737424,25.3525452044025,-125.53842,-158.8096,"[2, 15]","[20, 80]",5209291.0,17.6
48,69f42a9c-095d-4a25-bca8-61a9869871d3,dda5fc59-f09a-4256-9fb5-66c67667a466,probe00,churchlandlab,CSHL059,DG,2020-03-06,60,8.0,7.895176935964683,8.79639532848585,122.09086614302564,131.0859375,0.3433457939362021,23.962473115915344,-117.55539,-148.2962,"[2, 15]","[20, 80]",4913974.0,17.6
49,69f42a9c-095d-4a25-bca8-61a9869871d3,dda5fc59-f09a-4256-9fb5-66c67667a466,probe00,churchlandlab,CSHL059,LP,2020-03-06,46,20.0,2.8427207030387063,3.0502697020919576,129.32905284427437,163.05532094594594,0.3691993858168232,24.446088748797038,-132.97331,-167.53654,"[2, 15]","[20, 80]",5942286.0,17.6
50,69f42a9c-095d-4a25-bca8-61a9869871d3,dda5fc59-f09a-4256-9fb5-66c67667a466,probe00,churchlandlab,CSHL059,PO,2020-03-06,0,,,,,,,,,,"[2, 15]","[20, 80]",,17.6
51,f03b61b4-6b13-479d-940f-d1608eb275cc,ee40aece-cffd-4edb-a4b6-155f158c666a,probe00,mainenlab,ZM_2241,PPC,2020-01-30,64,55.0,1.7569293707360716,3.02176575819554,150.888440756263,,0.4304767622752397,21.872199449407653,-154.6169,-185.23102,"[2, 15]","[20, 80]",5998614.0,22.099999999999998
52,f03b61b4-6b13-479d-940f-d1608eb275cc,ee40aece-cffd-4edb-a4b6-155f158c666a,probe00,mainenlab,ZM_2241,CA1,2020-01-30,46,7.0,4.683160318343463,8.040513631543314,136.71332674820286,159.01085968914316,0.41942279508259794,18.925976496325752,-134.49933,-164.3873,"[2, 15]","[20, 80]",5451163.0,22.099999999999998
53,f03b61b4-6b13-479d-940f-d1608eb275cc,ee40aece-cffd-4edb-a4b6-155f158c666a,probe00,mainenlab,ZM_2241,DG,2020-01-30,78,19.0,2.1897528822880155,2.6567945468860485,138.78040409748905,173.91241776315786,0.41929452016792446,21.50449515587649,-121.8716,-151.87735,"[2, 15]","[20, 80]",4977219.5,22.099999999999998
54,f03b61b4-6b13-479d-940f-d1608eb275cc,ee40aece-cffd-4edb-a4b6-155f158c666a,probe00,mainenlab,ZM_2241,LP,2020-01-30,52,22.0,4.895933511928321,5.551152860876332,147.0484795574185,183.9273648648648,0.42121947078703853,20.78506981764609,-136.33011,-171.63312,"[2, 15]","[20, 80]",5787732.5,22.099999999999998
55,f03b61b4-6b13-479d-940f-d1608eb275cc,ee40aece-cffd-4edb-a4b6-155f158c666a,probe00,mainenlab,ZM_2241,PO,2020-01-30,44,34.0,2.8114508493968255,3.5667297741662702,149.14503681729138,188.336664244186,0.43555932906072203,23.073733127212922,-143.70056,-176.1886,"[2, 15]","[20, 80]",7864930.0,22.099999999999998
56,f86e9571-63ff-4116-9c40-aa44d57d2da9,4b7fbad4-f6de-43b4-9b15-c7c7ef44db4b,probe00,churchlandlab,CSHL049,PPC,2020-01-08,66,33.0,2.1924738360801417,3.84865389214322,102.78013424590534,,0.4441326810969749,18.358513402189256,-116.81705,-160.65044,"[2, 15]","[20, 80]",27.833214,19.3
57,f86e9571-63ff-4116-9c40-aa44d57d2da9,4b7fbad4-f6de-43b4-9b15-c7c7ef44db4b,probe00,churchlandlab,CSHL049,CA1,2020-01-08,48,5.0,1.5465027145811912,1.8373141285087484,100.43624574481774,114.00669642857139,0.4069472950641484,18.362683824604623,-112.58264,-154.27258,"[2, 15]","[20, 80]",28.70892,19.3
58,f86e9571-63ff-4116-9c40-aa44d57d2da9,4b7fbad4-f6de-43b4-9b15-c7c7ef44db4b,probe00,churchlandlab,CSHL049,DG,2020-01-08,60,2.0,,,,,,,-110.43816,-145.4862,"[2, 15]","[20, 80]",32.887474,19.3
59,f86e9571-63ff-4116-9c40-aa44d57d2da9,4b7fbad4-f6de-43b4-9b15-c7c7ef44db4b,probe00,churchlandlab,CSHL049,LP,2020-01-08,36,1.0,,,,,,,-116.41738,-159.24846,"[2, 15]","[20, 80]",27.361038,19.3
60,f86e9571-63ff-4116-9c40-aa44d57d2da9,4b7fbad4-f6de-43b4-9b15-c7c7ef44db4b,probe00,churchlandlab,CSHL049,PO,2020-01-08,0,,,,,,,,,,"[2, 15]","[20, 80]",,19.3
61,31f3e083-a324-4b88-b0a4-7788ec37b191,61e11a11-ab65-48fb-ae08-3cb80662e5d6,probe00,angelakilab,NYU-21,PPC,2020-08-10,84,13.0,1.4684621779267648,2.1662336000698934,160.69795001201814,228.90624999999997,0.4587675212671701,22.200936861068378,-155.06729,-179.03299,"[2, 15]","[20, 80]",4271066.0,21.1
62,31f3e083-a324-4b88-b0a4-7788ec37b191,61e11a11-ab65-48fb-ae08-3cb80662e5d6,probe00,angelakilab,NYU-21,CA1,2020-08-10,68,11.0,0.4738902830267208,1.8242874125532167,163.52593423450122,,0.47684018507755505,24.889018472173433,-136.14212,-165.43945,"[2, 15]","[20, 80]",4500030.5,21.1
63,31f3e083-a324-4b88-b0a4-7788ec37b191,61e11a11-ab65-48fb-ae08-3cb80662e5d6,probe00,angelakilab,NYU-21,DG,2020-08-10,86,13.0,1.4790499968628572,5.502789007627896,167.20655136091176,,0.48356060671372053,22.07636155866254,-123.93732,-151.21509,"[2, 15]","[20, 80]",4773246.0,21.1
64,31f3e083-a324-4b88-b0a4-7788ec37b191,61e11a11-ab65-48fb-ae08-3cb80662e5d6,probe00,angelakilab,NYU-21,LP,2020-08-10,86,19.0,3.8271550028511134,4.758182008211111,162.5449726712179,228.16406249999994,0.5030640705525392,20.535804437882433,-146.38478,-175.42732,"[2, 15]","[20, 80]",5716978.0,21.1
65,31f3e083-a324-4b88-b0a4-7788ec37b191,61e11a11-ab65-48fb-ae08-3cb80662e5d6,probe00,angelakilab,NYU-21,PO,2020-08-10,46,20.0,8.203681191466899,8.990193905709067,162.2808984191275,196.98321122513752,0.4710971488233839,20.22581076320384,-151.15445,-177.9415,"[2, 15]","[20, 80]",7685735.0,21.1
66,f2ee886d-5b9c-4d06-a9be-ee7ae8381114,ecb5520d-1358-434c-95ec-93687ecd1396,probe00,churchlandlab,CSHL051,PPC,2020-02-05,70,30.0,1.7583061465285155,3.248315116214677,114.7648189496576,,0.3887068082908218,22.503004918475224,-126.86775,-168.89938,"[2, 15]","[20, 80]",4410833.5,19.400000000000002
67,f2ee886d-5b9c-4d06-a9be-ee7ae8381114,ecb5520d-1358-434c-95ec-93687ecd1396,probe00,churchlandlab,CSHL051,CA1,2020-02-05,40,6.0,1.9381479685992884,6.311528468699444,107.73731429872583,156.39880952380943,0.3400695988049618,22.46985940508581,-121.70682,-161.43404,"[2, 15]","[20, 80]",5546216.0,19.400000000000002
68,f2ee886d-5b9c-4d06-a9be-ee7ae8381114,ecb5520d-1358-434c-95ec-93687ecd1396,probe00,churchlandlab,CSHL051,DG,2020-02-05,76,7.0,3.22197525569259,7.292963602699676,99.86851572293737,,0.39904960658959965,19.332806425513397,-117.65644,-154.93997,"[2, 15]","[20, 80]",5801521.0,19.400000000000002
69,f2ee886d-5b9c-4d06-a9be-ee7ae8381114,ecb5520d-1358-434c-95ec-93687ecd1396,probe00,churchlandlab,CSHL051,LP,2020-02-05,0,,,,,,,,,,"[2, 15]","[20, 80]",,19.400000000000002
70,f2ee886d-5b9c-4d06-a9be-ee7ae8381114,ecb5520d-1358-434c-95ec-93687ecd1396,probe00,churchlandlab,CSHL051,PO,2020-02-05,0,,,,,,,,,,"[2, 15]","[20, 80]",,19.400000000000002
71,f26a6ab1-7e37-4f8d-bb50-295c056e1062,54238fd6-d2d0-4408-b1a9-d19d24fd29ce,probe00,danlab,DY_018,PPC,2020-10-15,74,21.0,1.078914835740684,3.191098323489785,202.2164774499851,,0.49723790672356144,29.162426256586095,-151.10129,-193.64023,"[2, 15]","[20, 80]",4371728.0,27.0
72,f26a6ab1-7e37-4f8d-bb50-295c056e1062,54238fd6-d2d0-4408-b1a9-d19d24fd29ce,probe00,danlab,DY_018,CA1,2020-10-15,48,6.0,2.1464236678241306,2.9633495828256255,175.05985389789208,,0.5219039584825723,25.968017082292317,-138.35397,-176.32205,"[2, 15]","[20, 80]",4607400.5,27.0
73,f26a6ab1-7e37-4f8d-bb50-295c056e1062,54238fd6-d2d0-4408-b1a9-d19d24fd29ce,probe00,danlab,DY_018,DG,2020-10-15,36,2.0,,,,,,,-127.3105,-162.56078,"[2, 15]","[20, 80]",4887784.0,27.0
74,f26a6ab1-7e37-4f8d-bb50-295c056e1062,54238fd6-d2d0-4408-b1a9-d19d24fd29ce,probe00,danlab,DY_018,LP,2020-10-15,24,10.0,6.968719071194546,8.873009575666476,185.86246175630794,214.7222463732114,0.45681653313851295,26.517609816792895,-149.28299,-186.12486,"[2, 15]","[20, 80]",9892021.0,27.0
75,f26a6ab1-7e37-4f8d-bb50-295c056e1062,54238fd6-d2d0-4408-b1a9-d19d24fd29ce,probe00,danlab,DY_018,PO,2020-10-15,0,,,,,,,,,,"[2, 15]","[20, 80]",,27.0
76,c4f6665f-8be5-476b-a6e8-d81eeae9279d,e535fb62-e245-4a48-b119-88ce62a6fe67,probe00,danlab,DY_013,PPC,2020-03-12,0,,,,,,,,,,"[2, 15]","[20, 80]",,18.9
77,c4f6665f-8be5-476b-a6e8-d81eeae9279d,e535fb62-e245-4a48-b119-88ce62a6fe67,probe00,danlab,DY_013,CA1,2020-03-12,56,10.0,0.40494886790200313,1.9113325307640416,102.91975635593221,,0.9045190622715729,24.573733227401124,-151.48212,-185.33702,"[2, 15]","[20, 80]",4951882.0,18.9
78,c4f6665f-8be5-476b-a6e8-d81eeae9279d,e535fb62-e245-4a48-b119-88ce62a6fe67,probe00,danlab,DY_013,DG,2020-03-12,62,2.0,,,,,,,-153.27325,-188.59247,"[2, 15]","[20, 80]",3340828.5,18.9
79,c4f6665f-8be5-476b-a6e8-d81eeae9279d,e535fb62-e245-4a48-b119-88ce62a6fe67,probe00,danlab,DY_013,LP,2020-03-12,16,0.0,,,,,,,-161.38052,-199.28452,"[2, 15]","[20, 80]",3475427.0,18.9
80,c4f6665f-8be5-476b-a6e8-d81eeae9279d,e535fb62-e245-4a48-b119-88ce62a6fe67,probe00,danlab,DY_013,PO,2020-03-12,0,,,,,,,,,,"[2, 15]","[20, 80]",,18.9
81,57656bee-e32e-4848-b924-0f6f18cfdfb1,a66f1593-dafd-4982-9b66-f9554b6c86b5,probe00,zadorlab,CSH_ZAD_022,PPC,2020-05-23,96,9.0,7.334781410985331,6.055665454400266,154.5994910643978,183.10546875,0.3263703607335613,35.783241579778384,-156.63641,-183.02206,"[2, 15]","[20, 80]",5313653.0,23.5
82,57656bee-e32e-4848-b924-0f6f18cfdfb1,a66f1593-dafd-4982-9b66-f9554b6c86b5,probe00,zadorlab,CSH_ZAD_022,CA1,2020-05-23,62,7.0,7.242090899724235,6.994354825111341,143.92271573562525,172.01234879032253,0.35721151288517855,28.85456010093737,-141.52267,-168.40558,"[2, 15]","[20, 80]",6636511.0,23.5
83,57656bee-e32e-4848-b924-0f6f18cfdfb1,a66f1593-dafd-4982-9b66-f9554b6c86b5,probe00,zadorlab,CSH_ZAD_022,DG,2020-05-23,28,0.0,,,,,,,-127.45402,-158.10439,"[2, 15]","[20, 80]",5746670.0,23.5
84,57656bee-e32e-4848-b924-0f6f18cfdfb1,a66f1593-dafd-4982-9b66-f9554b6c86b5,probe00,zadorlab,CSH_ZAD_022,LP,2020-05-23,0,,,,,,,,,,"[2, 15]","[20, 80]",,23.5
85,57656bee-e32e-4848-b924-0f6f18cfdfb1,a66f1593-dafd-4982-9b66-f9554b6c86b5,probe00,zadorlab,CSH_ZAD_022,PO,2020-05-23,0,,,,,,,,,,"[2, 15]","[20, 80]",,23.5
86,1a60a6e1-da99-4d4e-a734-39b1d4544fad,51e53aff-1d5d-4182-a684-aba783d50ae5,probe00,angelakilab,NYU-45,PPC,2021-07-19,72,14.0,0.7189618949276227,1.959329575317794,134.3136169206427,,0.4323601685779676,21.085147767799775,-140.55063,-186.32397,"[2, 15]","[20, 80]",3951965.5,20.9
87,1a60a6e1-da99-4d4e-a734-39b1d4544fad,51e53aff-1d5d-4182-a684-aba783d50ae5,probe00,angelakilab,NYU-45,CA1,2021-07-19,56,14.0,1.1429422522687132,2.1589917879625347,127.8233300026938,,0.42135446277705285,20.122810169069197,-136.26906,-171.35966,"[2, 15]","[20, 80]",4332088.5,20.9
88,1a60a6e1-da99-4d4e-a734-39b1d4544fad,51e53aff-1d5d-4182-a684-aba783d50ae5,probe00,angelakilab,NYU-45,DG,2021-07-19,76,9.0,2.7573974319161576,5.639995031970674,120.13594591540489,,0.3846267008878605,21.559628897067935,-128.57974,-158.24933,"[2, 15]","[20, 80]",4415339.0,20.9
89,1a60a6e1-da99-4d4e-a734-39b1d4544fad,51e53aff-1d5d-4182-a684-aba783d50ae5,probe00,angelakilab,NYU-45,LP,2021-07-19,56,33.0,3.890299381957669,4.858481835928051,122.62640267931576,,0.3963196912818494,20.34327983950447,-138.55794,-176.87746,"[2, 15]","[20, 80]",5593843.0,20.9
90,1a60a6e1-da99-4d4e-a734-39b1d4544fad,51e53aff-1d5d-4182-a684-aba783d50ae5,probe00,angelakilab,NYU-45,PO,2021-07-19,96,48.0,5.6243485412987475,6.88573035032569,123.70685415203197,165.8132102272727,0.41583701945879953,18.81588533657627,-141.47266,-180.95424,"[2, 15]","[20, 80]",7112434.0,20.9
91,5246af08-0730-40f7-83de-29b5d62b9b6d,c51f34d8-42f6-4c9c-bb5b-669fd9c42cd9,probe00,angelakilab,NYU-48,PPC,2021-06-28,20,1.0,,,,,,,-120.43754,-165.92584,"[2, 15]","[20, 80]",3118056.5,15.2
92,5246af08-0730-40f7-83de-29b5d62b9b6d,c51f34d8-42f6-4c9c-bb5b-669fd9c42cd9,probe00,angelakilab,NYU-48,CA1,2021-06-28,50,3.0,,,,,,,-118.189804,-159.56418,"[2, 15]","[20, 80]",3605385.0,15.2
93,5246af08-0730-40f7-83de-29b5d62b9b6d,c51f34d8-42f6-4c9c-bb5b-669fd9c42cd9,probe00,angelakilab,NYU-48,DG,2021-06-28,44,64.0,0.160852107321737,0.27108606712066485,122.30548469387755,,0.6330295256513968,19.718590561224488,-116.91167,-154.64142,"[2, 15]","[20, 80]",4190201.0,15.2
94,5246af08-0730-40f7-83de-29b5d62b9b6d,c51f34d8-42f6-4c9c-bb5b-669fd9c42cd9,probe00,angelakilab,NYU-48,LP,2021-06-28,64,21.0,0.9700619395403215,2.1102500236523585,153.03773512638614,207.11348684210526,0.5181076560932202,21.735311037983355,-118.045425,-163.84593,"[2, 15]","[20, 80]",4937783.0,15.2
95,5246af08-0730-40f7-83de-29b5d62b9b6d,c51f34d8-42f6-4c9c-bb5b-669fd9c42cd9,probe00,angelakilab,NYU-48,PO,2021-06-28,0,,,,,,,,,,"[2, 15]","[20, 80]",,15.2
96,7d999a68-0215-4e45-8e6c-879c6ca2b771,0802ced5-33a3-405e-8336-b65ebc5cb07c,probe00,mainenlab,ZFM-02373,PPC,2021-06-23,94,2.0,,,,,,,-144.21461,-174.62842,"[2, 15]","[20, 80]",5088616.0,24.0
97,7d999a68-0215-4e45-8e6c-879c6ca2b771,0802ced5-33a3-405e-8336-b65ebc5cb07c,probe00,mainenlab,ZFM-02373,CA1,2021-06-23,58,6.0,2.822712996392487,3.1742747059484824,208.67490031897927,,0.45022552250475945,30.110315739633183,-130.23499,-163.92325,"[2, 15]","[20, 80]",4942986.0,24.0
98,7d999a68-0215-4e45-8e6c-879c6ca2b771,0802ced5-33a3-405e-8336-b65ebc5cb07c,probe00,mainenlab,ZFM-02373,DG,2021-06-23,34,2.0,,,,,,,-123.29991,-157.91373,"[2, 15]","[20, 80]",4714045.0,24.0
99,7d999a68-0215-4e45-8e6c-879c6ca2b771,0802ced5-33a3-405e-8336-b65ebc5cb07c,probe00,mainenlab,ZFM-02373,LP,2021-06-23,54,31.0,8.972391876649349,8.965158766406526,220.3068383463813,350.0390625,0.4445757047880951,32.00136202452965,-138.0497,-172.1607,"[2, 15]","[20, 80]",8659788.0,24.0
100,7d999a68-0215-4e45-8e6c-879c6ca2b771,0802ced5-33a3-405e-8336-b65ebc5cb07c,probe00,mainenlab,ZFM-02373,PO,2021-06-23,60,34.0,6.098496763212525,7.3876854793055236,210.92958809273702,,0.4306490422040936,30.600239571773407,-140.92891,-174.59659,"[2, 15]","[20, 80]",9662564.0,24.0
101,9117969a-3f0d-478b-ad75-98263e3bfacf,b03fbc44-3d8e-4a6c-8a50-5ea3498568e0,probe00,danlab,DY_010,PPC,2020-01-27,84,33.0,3.0089202597842704,3.3855956461843486,151.1101705056295,,0.4252755798594212,19.94425394059265,-151.1723,-188.7021,"[2, 15]","[20, 80]",4784392.0,21.4
102,9117969a-3f0d-478b-ad75-98263e3bfacf,b03fbc44-3d8e-4a6c-8a50-5ea3498568e0,probe00,danlab,DY_010,CA1,2020-01-27,54,16.0,5.034497519930868,10.660376144538938,145.04310642525078,171.015625,0.41977659046791743,19.80067966076586,-137.9634,-172.94485,"[2, 15]","[20, 80]",5135885.0,21.4
103,9117969a-3f0d-478b-ad75-98263e3bfacf,b03fbc44-3d8e-4a6c-8a50-5ea3498568e0,probe00,danlab,DY_010,DG,2020-01-27,66,15.0,2.3845671018647803,3.624457360687107,148.45340967591696,187.06054687499994,0.43114132994950727,19.071471211213865,-124.06348,-154.49954,"[2, 15]","[20, 80]",5419822.0,21.4
104,9117969a-3f0d-478b-ad75-98263e3bfacf,b03fbc44-3d8e-4a6c-8a50-5ea3498568e0,probe00,danlab,DY_010,LP,2020-01-27,42,18.0,5.054950772209508,5.62215628942326,140.28944061816358,150.20331855292793,0.4117721980049276,18.544126600977297,-138.62057,-177.36404,"[2, 15]","[20, 80]",6223305.0,21.4
105,9117969a-3f0d-478b-ad75-98263e3bfacf,b03fbc44-3d8e-4a6c-8a50-5ea3498568e0,probe00,danlab,DY_010,PO,2020-01-27,70,46.0,5.14170077325339,5.638056282495857,145.27235308569706,169.2578125,0.42412328298803137,19.316838857436927,-146.09886,-182.7844,"[2, 15]","[20, 80]",8317190.0,21.4
106,febb430e-2d50-4f83-87a0-b5ffbb9a4943,db4df448-e449-4a6f-a0e7-288711e7a75a,probe00,danlab,DY_009,PPC,2020-02-27,0,,,,,,,,,,"[2, 15]","[20, 80]",,19.2
107,febb430e-2d50-4f83-87a0-b5ffbb9a4943,db4df448-e449-4a6f-a0e7-288711e7a75a,probe00,danlab,DY_009,CA1,2020-02-27,48,14.0,6.390893269676673,7.816276408346812,138.1970725753645,150.16365506001657,0.35350310555022507,22.239076026006597,-138.65094,-173.1253,"[2, 15]","[20, 80]",4866097.0,19.2
108,febb430e-2d50-4f83-87a0-b5ffbb9a4943,db4df448-e449-4a6f-a0e7-288711e7a75a,probe00,danlab,DY_009,DG,2020-02-27,64,13.0,3.5870753459995917,4.1229471212041515,130.41255540272374,150.15141752577313,0.3680620792571344,21.627663424827617,-128.74283,-157.04886,"[2, 15]","[20, 80]",4672551.0,19.2
109,febb430e-2d50-4f83-87a0-b5ffbb9a4943,db4df448-e449-4a6f-a0e7-288711e7a75a,probe00,danlab,DY_009,LP,2020-02-27,38,21.0,2.3696940934456308,2.6252039734343917,145.27158886596095,246.09374999999997,0.4560182374255684,27.003554413946404,-145.8493,-183.49644,"[2, 15]","[20, 80]",5672454.0,19.2
110,febb430e-2d50-4f83-87a0-b5ffbb9a4943,db4df448-e449-4a6f-a0e7-288711e7a75a,probe00,danlab,DY_009,PO,2020-02-27,0,,,,,,,,,,"[2, 15]","[20, 80]",,19.2
111,4b93a168-0f3b-4124-88fa-a57046ca70e1,7cb81727-2097-4b52-b480-c89867b5b34c,probe01,mrsicflogellab,SWC_052,PPC,2020-10-22,0,,,,,,,,,,"[2, 15]","[20, 80]",,17.7
112,4b93a168-0f3b-4124-88fa-a57046ca70e1,7cb81727-2097-4b52-b480-c89867b5b34c,probe01,mrsicflogellab,SWC_052,CA1,2020-10-22,62,1.0,,,,,,,-138.69427,-165.91652,"[2, 15]","[20, 80]",5939105.5,17.7
113,4b93a168-0f3b-4124-88fa-a57046ca70e1,7cb81727-2097-4b52-b480-c89867b5b34c,probe01,mrsicflogellab,SWC_052,DG,2020-10-22,58,4.0,,,,,,,-129.1918,-154.66728,"[2, 15]","[20, 80]",5504206.0,17.7
114,4b93a168-0f3b-4124-88fa-a57046ca70e1,7cb81727-2097-4b52-b480-c89867b5b34c,probe01,mrsicflogellab,SWC_052,LP,2020-10-22,38,9.0,2.1034378788185277,2.993769673900969,100.89282370426946,128.00951086956522,0.385099411448538,18.13227110835091,-142.78265,-173.70444,"[2, 15]","[20, 80]",6099851.0,17.7
115,4b93a168-0f3b-4124-88fa-a57046ca70e1,7cb81727-2097-4b52-b480-c89867b5b34c,probe01,mrsicflogellab,SWC_052,PO,2020-10-22,0,,,,,,,,,,"[2, 15]","[20, 80]",,17.7
116,bc1602ba-dd6c-4ae4-bcb2-4925e7c8632a,30c4e2ab-dffc-499d-aae4-e51d6b3218c2,probe00,mainenlab,ZFM-02370,PPC,2021-04-29,10,8.0,1.1933512417621963,2.631875650436593,272.52862802981565,403.9192708333332,0.394059865564624,45.277319308225614,-139.45343,-171.70953,"[2, 15]","[20, 80]",6484462.0,34.9
117,bc1602ba-dd6c-4ae4-bcb2-4925e7c8632a,30c4e2ab-dffc-499d-aae4-e51d6b3218c2,probe00,mainenlab,ZFM-02370,CA1,2021-04-29,32,18.0,0.6272196322981574,3.049474688251546,328.2849831991179,,0.4762740050157977,57.81414677679764,-135.08492,-168.72354,"[2, 15]","[20, 80]",6428336.0,34.9
118,bc1602ba-dd6c-4ae4-bcb2-4925e7c8632a,30c4e2ab-dffc-499d-aae4-e51d6b3218c2,probe00,mainenlab,ZFM-02370,DG,2021-04-29,0,,,,,,,,,,"[2, 15]","[20, 80]",,34.9
119,bc1602ba-dd6c-4ae4-bcb2-4925e7c8632a,30c4e2ab-dffc-499d-aae4-e51d6b3218c2,probe00,mainenlab,ZFM-02370,LP,2021-04-29,0,,,,,,,,,,"[2, 15]","[20, 80]",,34.9
120,bc1602ba-dd6c-4ae4-bcb2-4925e7c8632a,30c4e2ab-dffc-499d-aae4-e51d6b3218c2,probe00,mainenlab,ZFM-02370,PO,2021-04-29,22,17.0,8.520301249323182,9.34379175321448,249.5099549338095,263.5272385267708,0.44412117805517676,39.025903947549786,-133.94829,-170.51625,"[2, 15]","[20, 80]",10329971.0,34.9
121,7cbecb3f-6a8a-48e5-a3be-8f7a762b5a04,71e55bfe-5a3a-4cba-bdc7-f085140d798e,probe00,angelakilab,NYU-26,PPC,2020-08-18,0,,,,,,,,,,"[2, 15]","[20, 80]",,22.099999999999998
122,7cbecb3f-6a8a-48e5-a3be-8f7a762b5a04,71e55bfe-5a3a-4cba-bdc7-f085140d798e,probe00,angelakilab,NYU-26,CA1,2020-08-18,20,10.0,1.1627090530968147,2.5233168992070403,149.98164514048645,,0.47125169088820434,26.85752853918841,-140.99878,-171.04706,"[2, 15]","[20, 80]",5082463.0,22.099999999999998
123,7cbecb3f-6a8a-48e5-a3be-8f7a762b5a04,71e55bfe-5a3a-4cba-bdc7-f085140d798e,probe00,angelakilab,NYU-26,DG,2020-08-18,62,21.0,1.3577517579436522,2.9463442169991154,160.78437639765474,,0.46787320307216596,24.72069597873965,-124.41231,-155.21059,"[2, 15]","[20, 80]",4608916.0,22.099999999999998
124,7cbecb3f-6a8a-48e5-a3be-8f7a762b5a04,71e55bfe-5a3a-4cba-bdc7-f085140d798e,probe00,angelakilab,NYU-26,LP,2020-08-18,0,,,,,,,,,,"[2, 15]","[20, 80]",,22.099999999999998
125,7cbecb3f-6a8a-48e5-a3be-8f7a762b5a04,71e55bfe-5a3a-4cba-bdc7-f085140d798e,probe00,angelakilab,NYU-26,PO,2020-08-18,0,,,,,,,,,,"[2, 15]","[20, 80]",,22.099999999999998
126,8b7c808f-763b-44c8-b273-63c6afbc6aae,41872d7f-75cb-4445-bb1a-132b354c44f0,probe01,mrsicflogellab,SWC_038,PPC,2020-07-29,92,21.0,0.8275959636602283,2.2672495766875707,115.96720238307759,,0.4642482580664023,24.76565119694932,-153.0291,-183.24557,"[2, 15]","[20, 80]",6058354.0,19.0
127,8b7c808f-763b-44c8-b273-63c6afbc6aae,41872d7f-75cb-4445-bb1a-132b354c44f0,probe01,mrsicflogellab,SWC_038,CA1,2020-07-29,46,5.0,6.142437620846194,4.990709339270887,82.85557075981406,98.43095662678324,0.3827775517147432,15.93296196269522,-133.31752,-164.44662,"[2, 15]","[20, 80]",6406212.5,19.0
128,8b7c808f-763b-44c8-b273-63c6afbc6aae,41872d7f-75cb-4445-bb1a-132b354c44f0,probe01,mrsicflogellab,SWC_038,DG,2020-07-29,88,10.0,3.976791069564992,5.5361188543096205,111.20924063189834,132.10387073863632,0.33147569551932754,24.80557074788361,-125.22247,-156.42183,"[2, 15]","[20, 80]",5593337.5,19.0
129,8b7c808f-763b-44c8-b273-63c6afbc6aae,41872d7f-75cb-4445-bb1a-132b354c44f0,probe01,mrsicflogellab,SWC_038,LP,2020-07-29,18,0.0,,,,,,,-139.29514,-173.08713,"[2, 15]","[20, 80]",4171384.0,19.0
130,8b7c808f-763b-44c8-b273-63c6afbc6aae,41872d7f-75cb-4445-bb1a-132b354c44f0,probe01,mrsicflogellab,SWC_038,PO,2020-07-29,0,,,,,,,,,,"[2, 15]","[20, 80]",,19.0
131,63517fd4-ece1-49eb-9259-371dc30b1dd6,4a45c8ba-db6f-4f11-9403-56e06a33dfa4,probe00,danlab,DY_020,PPC,2020-09-29,40,35.0,1.8140032768513528,4.72575506290254,240.12729847005548,,0.4473006201857208,34.6913969072752,-146.01572,-184.7851,"[2, 15]","[20, 80]",5374470.0,30.4
132,63517fd4-ece1-49eb-9259-371dc30b1dd6,4a45c8ba-db6f-4f11-9403-56e06a33dfa4,probe00,danlab,DY_020,CA1,2020-09-29,56,17.0,2.2842772713210864,5.747898127876927,225.02676187417282,322.59375,0.46432896018648334,32.301566441163395,-138.57355,-175.10553,"[2, 15]","[20, 80]",4906473.0,30.4
133,63517fd4-ece1-49eb-9259-371dc30b1dd6,4a45c8ba-db6f-4f11-9403-56e06a33dfa4,probe00,danlab,DY_020,DG,2020-09-29,6,0.0,,,,,,,-118.90699,-154.39722,"[2, 15]","[20, 80]",4939442.0,30.4
134,63517fd4-ece1-49eb-9259-371dc30b1dd6,4a45c8ba-db6f-4f11-9403-56e06a33dfa4,probe00,danlab,DY_020,LP,2020-09-29,0,,,,,,,,,,"[2, 15]","[20, 80]",,30.4
135,63517fd4-ece1-49eb-9259-371dc30b1dd6,4a45c8ba-db6f-4f11-9403-56e06a33dfa4,probe00,danlab,DY_020,PO,2020-09-29,0,,,,,,,,,,"[2, 15]","[20, 80]",,30.4
136,f93bfce4-e814-4ae3-9cdf-59f4dcdedf51,7af49c00-63dd-4fed-b2e0-1b3bd945b20b,probe00,angelakilab,NYU-37,PPC,2021-01-25,0,,,,,,,,,,"[2, 15]","[20, 80]",,19.3
137,f93bfce4-e814-4ae3-9cdf-59f4dcdedf51,7af49c00-63dd-4fed-b2e0-1b3bd945b20b,probe00,angelakilab,NYU-37,CA1,2021-01-25,60,3.0,,,,,,,-146.79356,-173.85297,"[2, 15]","[20, 80]",4630401.0,19.3
138,f93bfce4-e814-4ae3-9cdf-59f4dcdedf51,7af49c00-63dd-4fed-b2e0-1b3bd945b20b,probe00,angelakilab,NYU-37,DG,2021-01-25,74,8.0,7.129099768131326,8.110972565216438,82.10886305644497,,0.4795842175842463,12.63619835102798,-131.15259,-159.23514,"[2, 15]","[20, 80]",4992429.5,19.3
139,f93bfce4-e814-4ae3-9cdf-59f4dcdedf51,7af49c00-63dd-4fed-b2e0-1b3bd945b20b,probe00,angelakilab,NYU-37,LP,2021-01-25,58,31.0,4.240804097182271,5.8508341308048575,115.28921452955782,,0.5104260111167465,20.618377438943543,-152.02505,-181.16707,"[2, 15]","[20, 80]",5886155.0,19.3
140,f93bfce4-e814-4ae3-9cdf-59f4dcdedf51,7af49c00-63dd-4fed-b2e0-1b3bd945b20b,probe00,angelakilab,NYU-37,PO,2021-01-25,0,,,,,,,,,,"[2, 15]","[20, 80]",,19.3
141,8ca1a850-26ef-42be-8b28-c2e2d12f06d6,15763234-d21e-491f-a01b-1238eb96d389,probe00,zadorlab,CSH_ZAD_026,PPC,2020-09-04,4,0.0,,,,,,,-154.49045,-190.2901,"[2, 15]","[20, 80]",3041312.0,29.4
142,8ca1a850-26ef-42be-8b28-c2e2d12f06d6,15763234-d21e-491f-a01b-1238eb96d389,probe00,zadorlab,CSH_ZAD_026,CA1,2020-09-04,50,12.0,0.7360107719458071,0.8510715732074385,236.054502146206,302.76855468749994,0.5248793216415947,29.0237148255722,-141.75258,-171.46497,"[2, 15]","[20, 80]",4468046.0,29.4
143,8ca1a850-26ef-42be-8b28-c2e2d12f06d6,15763234-d21e-491f-a01b-1238eb96d389,probe00,zadorlab,CSH_ZAD_026,DG,2020-09-04,0,,,,,,,,,,"[2, 15]","[20, 80]",,29.4
144,8ca1a850-26ef-42be-8b28-c2e2d12f06d6,15763234-d21e-491f-a01b-1238eb96d389,probe00,zadorlab,CSH_ZAD_026,LP,2020-09-04,0,,,,,,,,,,"[2, 15]","[20, 80]",,29.4
145,8ca1a850-26ef-42be-8b28-c2e2d12f06d6,15763234-d21e-491f-a01b-1238eb96d389,probe00,zadorlab,CSH_ZAD_026,PO,2020-09-04,74,56.0,12.20117438534088,12.77381059486448,230.39134274037664,257.5538504464286,0.48109028746939536,27.622119166758374,-145.38547,-174.15167,"[2, 15]","[20, 80]",11689528.0,29.4
146,70da415f-444d-4148-ade7-a1f58a16fcf8,781b35fd-e1f0-4d14-b2bb-95b7263082bb,probe01,cortexlab,KS044,PPC,2020-12-09,64,34.0,0.4917124447445691,1.5697676273779113,167.72720847701942,225.08789062499991,0.5172685943015854,24.28550524527723,-149.51009,-184.89758,"[2, 15]","[20, 80]",5110516.5,
147,70da415f-444d-4148-ade7-a1f58a16fcf8,781b35fd-e1f0-4d14-b2bb-95b7263082bb,probe01,cortexlab,KS044,CA1,2020-12-09,52,8.0,1.1429563797375915,1.98419935749336,188.4463207862598,341.6601562499999,0.507019666388778,27.383766304470786,-134.09492,-166.45416,"[2, 15]","[20, 80]",4392451.5,
148,70da415f-444d-4148-ade7-a1f58a16fcf8,781b35fd-e1f0-4d14-b2bb-95b7263082bb,probe01,cortexlab,KS044,DG,2020-12-09,48,4.0,,,,,,,-128.10905,-157.62955,"[2, 15]","[20, 80]",4124797.0,
149,70da415f-444d-4148-ade7-a1f58a16fcf8,781b35fd-e1f0-4d14-b2bb-95b7263082bb,probe01,cortexlab,KS044,LP,2020-12-09,56,29.0,9.12587829893406,8.994192711965352,160.33862382701258,174.0353632253995,0.4831937703969991,20.33007390539374,-147.89427,-179.75574,"[2, 15]","[20, 80]",7517751.0,
150,70da415f-444d-4148-ade7-a1f58a16fcf8,781b35fd-e1f0-4d14-b2bb-95b7263082bb,probe01,cortexlab,KS044,PO,2020-12-09,0,,,,,,,,,,"[2, 15]","[20, 80]",,
151,6e1379e8-3af0-4fc5-8ba8-37d3bb02226b,754b74d5-7a06-4004-ae0c-72a10b6ed2e6,probe00,angelakilab,NYU-29,PPC,2020-09-21,76,56.0,1.0994681810322133,1.492099869121962,149.05408805566714,,0.45495862475038473,22.539838961565916,-143.47778,-173.8772,"[2, 15]","[20, 80]",5269373.5,22.900000000000002
152,6e1379e8-3af0-4fc5-8ba8-37d3bb02226b,754b74d5-7a06-4004-ae0c-72a10b6ed2e6,probe00,angelakilab,NYU-29,CA1,2020-09-21,48,25.0,0.30575118247481076,0.9383037775338505,187.19712546879418,,0.5156247446604109,21.21240529435545,-130.56937,-161.87422,"[2, 15]","[20, 80]",5512692.5,22.900000000000002
153,6e1379e8-3af0-4fc5-8ba8-37d3bb02226b,754b74d5-7a06-4004-ae0c-72a10b6ed2e6,probe00,angelakilab,NYU-29,DG,2020-09-21,66,14.0,1.078440683352719,2.2712031627283644,137.68325804527348,,0.4558727615473914,19.522531485874435,-122.22711,-152.20981,"[2, 15]","[20, 80]",5314180.5,22.900000000000002
154,6e1379e8-3af0-4fc5-8ba8-37d3bb02226b,754b74d5-7a06-4004-ae0c-72a10b6ed2e6,probe00,angelakilab,NYU-29,LP,2020-09-21,68,58.0,3.7319546050491885,4.290729000805996,132.37703601621624,,0.4848201361402302,17.231953997462988,-140.66583,-172.35947,"[2, 15]","[20, 80]",7548653.0,22.900000000000002
155,6e1379e8-3af0-4fc5-8ba8-37d3bb02226b,754b74d5-7a06-4004-ae0c-72a10b6ed2e6,probe00,angelakilab,NYU-29,PO,2020-09-21,72,62.0,3.310410107650135,4.329352322198322,162.62326595197615,,0.4611850401421082,22.374315554376405,-146.13518,-175.83759,"[2, 15]","[20, 80]",8642317.0,22.900000000000002
156,8d59da25-3a9c-44be-8b1a-e27cdd39ca34,4b00df29-3769-43be-bb40-128b1cba6d35,probe00,churchlandlab,CSHL052,PPC,2020-02-21,90,0.0,,,,,,,-131.40996,-173.66171,"[2, 15]","[20, 80]",19.728115,21.2
157,8d59da25-3a9c-44be-8b1a-e27cdd39ca34,4b00df29-3769-43be-bb40-128b1cba6d35,probe00,churchlandlab,CSHL052,CA1,2020-02-21,46,7.0,1.9010366706531965,3.882531041921859,181.559845229958,207.96875,0.5044550358019665,24.23450241963813,-128.6369,-169.06744,"[2, 15]","[20, 80]",20.64376,21.2
158,8d59da25-3a9c-44be-8b1a-e27cdd39ca34,4b00df29-3769-43be-bb40-128b1cba6d35,probe00,churchlandlab,CSHL052,DG,2020-02-21,36,3.0,,,,,,,-125.02899,-160.36246,"[2, 15]","[20, 80]",22.75075,21.2
159,8d59da25-3a9c-44be-8b1a-e27cdd39ca34,4b00df29-3769-43be-bb40-128b1cba6d35,probe00,churchlandlab,CSHL052,LP,2020-02-21,42,19.0,8.419674875795659,7.538910073312586,173.18972725479603,190.71753279014305,0.49530221711247996,25.07264593407345,-132.45883,-174.45831,"[2, 15]","[20, 80]",24.130146,21.2
160,8d59da25-3a9c-44be-8b1a-e27cdd39ca34,4b00df29-3769-43be-bb40-128b1cba6d35,probe00,churchlandlab,CSHL052,PO,2020-02-21,18,5.0,12.948549445995091,14.019977825857708,166.09535823981395,181.7565027120316,0.4968222411544043,25.822572473441795,-132.60982,-174.7482,"[2, 15]","[20, 80]",27.382996,21.2
161,bf96f6d6-4726-4cfa-804a-bca8f9262721,f140a2ec-fd49-4814-994a-fe3476f14e66,probe00,angelakilab,NYU-47,PPC,2021-06-21,0,,,,,,,,,,"[2, 15]","[20, 80]",,15.9
162,bf96f6d6-4726-4cfa-804a-bca8f9262721,f140a2ec-fd49-4814-994a-fe3476f14e66,probe00,angelakilab,NYU-47,CA1,2021-06-21,46,0.0,,,,,,,-135.8381,-169.3807,"[2, 15]","[20, 80]",3892205.0,15.9
163,bf96f6d6-4726-4cfa-804a-bca8f9262721,f140a2ec-fd49-4814-994a-fe3476f14e66,probe00,angelakilab,NYU-47,DG,2021-06-21,56,6.0,2.434974251019513,5.157671264319311,79.3583515885356,130.2001953125,0.4205686880014326,20.160621712247153,-123.58761,-155.6348,"[2, 15]","[20, 80]",3965933.0,15.9
164,bf96f6d6-4726-4cfa-804a-bca8f9262721,f140a2ec-fd49-4814-994a-fe3476f14e66,probe00,angelakilab,NYU-47,LP,2021-06-21,28,10.0,2.8518016045613708,2.6020793082359943,69.21863045658075,120.7314967105263,0.48238225669698026,14.516666424627601,-139.52728,-175.79544,"[2, 15]","[20, 80]",4290942.0,15.9
165,bf96f6d6-4726-4cfa-804a-bca8f9262721,f140a2ec-fd49-4814-994a-fe3476f14e66,probe00,angelakilab,NYU-47,PO,2021-06-21,0,,,,,,,,,,"[2, 15]","[20, 80]",,15.9
166,19baa84c-22a5-4589-9cbd-c23f111c054c,862ade13-53cd-4221-a3fa-dda8643641f2,probe01,hoferlab,SWC_042,PPC,2020-07-15,84,25.0,0.49296139698798364,0.7152745854849859,147.84583002763227,,0.48205064896463856,25.078168039226203,-144.27243,-169.94792,"[2, 15]","[20, 80]",6500165.0,19.8
167,19baa84c-22a5-4589-9cbd-c23f111c054c,862ade13-53cd-4221-a3fa-dda8643641f2,probe01,hoferlab,SWC_042,CA1,2020-07-15,52,18.0,0.43650853260544986,1.2553477853037958,149.62896633299482,,0.44796879221762687,27.15973947500199,-130.2452,-160.06503,"[2, 15]","[20, 80]",6270913.5,19.8
168,19baa84c-22a5-4589-9cbd-c23f111c054c,862ade13-53cd-4221-a3fa-dda8643641f2,probe01,hoferlab,SWC_042,DG,2020-07-15,78,24.0,1.1834432279368234,1.870539394154865,179.57071510280724,,0.4664037676834964,30.692711705925603,-118.45407,-152.4881,"[2, 15]","[20, 80]",7360056.5,19.8
169,19baa84c-22a5-4589-9cbd-c23f111c054c,862ade13-53cd-4221-a3fa-dda8643641f2,probe01,hoferlab,SWC_042,LP,2020-07-15,64,2.0,,,,,,,-132.5213,-165.20926,"[2, 15]","[20, 80]",6900394.0,19.8
170,19baa84c-22a5-4589-9cbd-c23f111c054c,862ade13-53cd-4221-a3fa-dda8643641f2,probe01,hoferlab,SWC_042,PO,2020-07-15,0,,,,,,,,,,"[2, 15]","[20, 80]",,19.8
171,84bb830f-b9ff-4e6b-9296-f458fb41d160,c7248e09-8c0d-40f2-9eb4-700a8973d8c8,probe00,mainenlab,ZM_3001,PPC,2020-08-05,68,72.0,1.767758883772343,5.141806966602898,204.91256429262748,,0.46244818111537267,28.549825359205816,-152.25996,-175.49506,"[2, 15]","[20, 80]",6397606.5,27.6
172,84bb830f-b9ff-4e6b-9296-f458fb41d160,c7248e09-8c0d-40f2-9eb4-700a8973d8c8,probe00,mainenlab,ZM_3001,CA1,2020-08-05,58,15.0,3.453197788988517,4.891863119143377,180.84053246824405,,0.4572857716769085,23.94271318430074,-134.18863,-162.46115,"[2, 15]","[20, 80]",4967138.0,27.6
173,84bb830f-b9ff-4e6b-9296-f458fb41d160,c7248e09-8c0d-40f2-9eb4-700a8973d8c8,probe00,mainenlab,ZM_3001,DG,2020-08-05,24,2.0,,,,,,,-114.58852,-148.33817,"[2, 15]","[20, 80]",4611901.0,27.6
174,84bb830f-b9ff-4e6b-9296-f458fb41d160,c7248e09-8c0d-40f2-9eb4-700a8973d8c8,probe00,mainenlab,ZM_3001,LP,2020-08-05,54,38.0,11.863041499917033,10.930851199174635,195.11267766529997,,0.4380764642120687,25.71774720856433,-134.92415,-168.05011,"[2, 15]","[20, 80]",9163537.0,27.6
175,84bb830f-b9ff-4e6b-9296-f458fb41d160,c7248e09-8c0d-40f2-9eb4-700a8973d8c8,probe00,mainenlab,ZM_3001,PO,2020-08-05,74,75.0,8.907715712383565,9.529820835575038,191.02943849496174,219.9866292432814,0.4383148658919624,25.579665255957657,-137.86392,-170.16753,"[2, 15]","[20, 80]",10361316.0,27.6
176,a12c8ae8-d5ad-4d15-b805-436ad23e5ad1,d9f0c293-df4c-410a-846d-842e47c6b502,probe01,wittenlab,ibl_witten_25,PPC,2020-12-07,64,21.0,0.9097156026461082,0.9426916881453307,183.02041438078757,,0.5921722335945484,25.122874558637204,-128.09282,-158.0856,"[2, 15]","[20, 80]",4409856.0,17.0
177,a12c8ae8-d5ad-4d15-b805-436ad23e5ad1,d9f0c293-df4c-410a-846d-842e47c6b502,probe01,wittenlab,ibl_witten_25,CA1,2020-12-07,58,9.0,2.4018854807526466,6.818159977663496,167.53601562410728,,0.6255671553612023,22.71220165500097,-119.75067,-151.15811,"[2, 15]","[20, 80]",5151758.5,17.0
178,a12c8ae8-d5ad-4d15-b805-436ad23e5ad1,d9f0c293-df4c-410a-846d-842e47c6b502,probe01,wittenlab,ibl_witten_25,DG,2020-12-07,74,16.0,1.0449071050059473,2.8617538909724645,207.5662030757878,,0.6073030407516634,35.33087840239298,-118.295074,-144.79074,"[2, 15]","[20, 80]",4874540.0,17.0
179,a12c8ae8-d5ad-4d15-b805-436ad23e5ad1,d9f0c293-df4c-410a-846d-842e47c6b502,probe01,wittenlab,ibl_witten_25,LP,2020-12-07,56,12.0,2.385851532283003,4.2017383910714035,139.48264088559176,199.9055032169116,0.5826632530383108,19.453036752641847,-128.51405,-157.92761,"[2, 15]","[20, 80]",5931289.0,17.0
180,a12c8ae8-d5ad-4d15-b805-436ad23e5ad1,d9f0c293-df4c-410a-846d-842e47c6b502,probe01,wittenlab,ibl_witten_25,PO,2020-12-07,66,17.0,5.988932921019388,5.762789714677872,149.45204814581925,205.05681818181804,0.6363823933334543,24.4400320897226,-129.62863,-158.682,"[2, 15]","[20, 80]",6429782.5,17.0
181,523f8301-4f56-4faf-ab33-a9ff11331118,88224abb-5746-431f-9c17-17d7ef806e6a,probe00,mainenlab,ZFM-02372,PPC,2021-06-01,22,0.0,,,,,,,-150.32263,-176.33717,"[2, 15]","[20, 80]",4978540.5,20.1
182,523f8301-4f56-4faf-ab33-a9ff11331118,88224abb-5746-431f-9c17-17d7ef806e6a,probe00,mainenlab,ZFM-02372,CA1,2021-06-01,54,11.0,6.9833991343327675,8.545006660188129,167.7302196133876,205.9529809907834,0.3772961128253605,32.224556426994035,-142.32907,-171.35873,"[2, 15]","[20, 80]",5203169.0,20.1
183,523f8301-4f56-4faf-ab33-a9ff11331118,88224abb-5746-431f-9c17-17d7ef806e6a,probe00,mainenlab,ZFM-02372,DG,2021-06-01,62,4.0,,,,,,,-124.81205,-159.55365,"[2, 15]","[20, 80]",5125345.0,20.1
184,523f8301-4f56-4faf-ab33-a9ff11331118,88224abb-5746-431f-9c17-17d7ef806e6a,probe00,mainenlab,ZFM-02372,LP,2021-06-01,66,7.0,8.501997911290395,9.399501289121023,173.41664982990443,185.28320312499994,0.3606842822565384,32.40238397922719,-131.14157,-167.53192,"[2, 15]","[20, 80]",6867857.0,20.1
185,523f8301-4f56-4faf-ab33-a9ff11331118,88224abb-5746-431f-9c17-17d7ef806e6a,probe00,mainenlab,ZFM-02372,PO,2021-06-01,90,90.0,5.122497585888935,5.544994994332793,169.46994398359422,201.21318032296645,0.38945051422451693,29.12568228640954,-137.07051,-171.21066,"[2, 15]","[20, 80]",7321375.0,20.1
186,b749446c-18e3-4987-820a-50649ab0f826,aad23144-0e52-4eac-80c5-c4ee2decb198,probe01,cortexlab,KS023,PPC,2019-12-10,80,64.0,1.1438554746989325,3.082005243516172,139.74065208096923,,0.41939749651342634,22.392121460531293,-142.42125,-189.33087,"[2, 15]","[20, 80]",5163832.5,
187,b749446c-18e3-4987-820a-50649ab0f826,aad23144-0e52-4eac-80c5-c4ee2decb198,probe01,cortexlab,KS023,CA1,2019-12-10,50,10.0,3.9295912440583947,5.496699175244139,126.33124558792524,151.5590122767857,0.3858800402371111,19.1016347732712,-129.33672,-165.95242,"[2, 15]","[20, 80]",4712017.0,
188,b749446c-18e3-4987-820a-50649ab0f826,aad23144-0e52-4eac-80c5-c4ee2decb198,probe01,cortexlab,KS023,DG,2019-12-10,66,13.0,3.4314138896955844,4.263829317363284,131.52985759468407,,0.37726157237759944,20.004929748726337,-125.41502,-154.65909,"[2, 15]","[20, 80]",5035736.0,
189,b749446c-18e3-4987-820a-50649ab0f826,aad23144-0e52-4eac-80c5-c4ee2decb198,probe01,cortexlab,KS023,LP,2019-12-10,60,16.0,2.676216069288275,4.403744430230102,122.65961656263964,147.57055953557312,0.3832271799943246,19.75738142930343,-135.7276,-175.93694,"[2, 15]","[20, 80]",6306346.0,
190,b749446c-18e3-4987-820a-50649ab0f826,aad23144-0e52-4eac-80c5-c4ee2decb198,probe01,cortexlab,KS023,PO,2019-12-10,68,33.0,1.8157695120437516,2.889999965970662,142.0172508038309,,0.43568816608352134,23.14037948881297,-139.53712,-180.57126,"[2, 15]","[20, 80]",6448522.0,
191,36362f75-96d8-4ed4-a728-5e72284d0995,d0ea3148-948d-4817-94f8-dcaf2342bbbe,probe00,mainenlab,ZFM-01936,PPC,2021-01-19,20,0.0,,,,,,,-153.29094,-176.74521,"[2, 15]","[20, 80]",4611378.0,19.3
192,36362f75-96d8-4ed4-a728-5e72284d0995,d0ea3148-948d-4817-94f8-dcaf2342bbbe,probe00,mainenlab,ZFM-01936,CA1,2021-01-19,52,1.0,,,,,,,-134.87231,-163.31992,"[2, 15]","[20, 80]",4205582.0,19.3
193,36362f75-96d8-4ed4-a728-5e72284d0995,d0ea3148-948d-4817-94f8-dcaf2342bbbe,probe00,mainenlab,ZFM-01936,DG,2021-01-19,62,11.0,1.1957232039591381,2.6126379776300643,134.5364177238475,159.11403623949576,0.46568913979966275,18.26401005284245,-120.629715,-150.99323,"[2, 15]","[20, 80]",4365844.0,19.3
194,36362f75-96d8-4ed4-a728-5e72284d0995,d0ea3148-948d-4817-94f8-dcaf2342bbbe,probe00,mainenlab,ZFM-01936,LP,2021-01-19,50,34.0,3.216557627172438,3.9936208023320905,134.91512252399522,160.98945312499993,0.4444307516638891,18.950531730678183,-133.7062,-167.60019,"[2, 15]","[20, 80]",5710452.5,19.3
195,36362f75-96d8-4ed4-a728-5e72284d0995,d0ea3148-948d-4817-94f8-dcaf2342bbbe,probe00,mainenlab,ZFM-01936,PO,2021-01-19,54,40.0,3.629584513484037,3.7840171702337493,129.64482529691605,154.30575284090907,0.4249333879115175,18.039219459194264,-139.1795,-171.37016,"[2, 15]","[20, 80]",5968481.0,19.3
196,11a5a93e-58a9-4ed0-995e-52279ec16b98,ebe090af-5922-4fcd-8fc6-17b8ba7bad6d,probe01,wittenlab,ibl_witten_13,PPC,2019-12-03,68,16.0,1.4422743600750683,1.5717537072216285,,,,,-105.2256,-132.61664,"[2, 15]","[20, 80]",6001736.0,28.3
197,11a5a93e-58a9-4ed0-995e-52279ec16b98,ebe090af-5922-4fcd-8fc6-17b8ba7bad6d,probe01,wittenlab,ibl_witten_13,CA1,2019-12-03,56,17.0,2.517580777079582,5.300043525065964,,,,,-103.48909,-130.68701,"[2, 15]","[20, 80]",5201282.5,28.3
198,11a5a93e-58a9-4ed0-995e-52279ec16b98,ebe090af-5922-4fcd-8fc6-17b8ba7bad6d,probe01,wittenlab,ibl_witten_13,DG,2019-12-03,36,12.0,0.42741225256810744,3.930708503927182,,,,,-103.65318,-130.53835,"[2, 15]","[20, 80]",5167801.0,28.3
199,11a5a93e-58a9-4ed0-995e-52279ec16b98,ebe090af-5922-4fcd-8fc6-17b8ba7bad6d,probe01,wittenlab,ibl_witten_13,LP,2019-12-03,32,31.0,6.519166149261013,7.0565591509436,,,,,-104.92274,-131.05798,"[2, 15]","[20, 80]",8515752.0,28.3
200,11a5a93e-58a9-4ed0-995e-52279ec16b98,ebe090af-5922-4fcd-8fc6-17b8ba7bad6d,probe01,wittenlab,ibl_witten_13,PO,2019-12-03,18,17.0,7.2485848450126245,7.778943486961534,,,,,-104.97035,-132.32547,"[2, 15]","[20, 80]",10033209.0,28.3
201,84fd7fa3-6c2d-4233-b265-46a427d3d68d,ff96bfe1-d925-4553-94b5-bf8297adf259,probe01,wittenlab,ibl_witten_26,PPC,2021-01-27,0,,,,,,,,,,"[2, 15]","[20, 80]",,20.1
202,84fd7fa3-6c2d-4233-b265-46a427d3d68d,ff96bfe1-d925-4553-94b5-bf8297adf259,probe01,wittenlab,ibl_witten_26,CA1,2021-01-27,36,5.0,0.24098055561640358,9.373018749125134,217.4083328483863,,0.6731038745305804,26.90971211915481,-129.40894,-157.71274,"[2, 15]","[20, 80]",4504172.0,20.1
203,84fd7fa3-6c2d-4233-b265-46a427d3d68d,ff96bfe1-d925-4553-94b5-bf8297adf259,probe01,wittenlab,ibl_witten_26,DG,2021-01-27,0,,,,,,,,,,"[2, 15]","[20, 80]",,20.1
204,84fd7fa3-6c2d-4233-b265-46a427d3d68d,ff96bfe1-d925-4553-94b5-bf8297adf259,probe01,wittenlab,ibl_witten_26,LP,2021-01-27,54,28.0,5.4860932414610515,5.895872981472903,157.70804277468778,191.51108685661765,0.5276290056065442,23.94862848876002,-129.41016,-157.95638,"[2, 15]","[20, 80]",5981962.5,20.1
205,84fd7fa3-6c2d-4233-b265-46a427d3d68d,ff96bfe1-d925-4553-94b5-bf8297adf259,probe01,wittenlab,ibl_witten_26,PO,2021-01-27,38,20.0,8.124224629270612,7.750228863915855,147.18913197127387,179.5685165229883,0.5476608537022543,22.52396655781715,-129.60007,-157.83017,"[2, 15]","[20, 80]",8545198.0,20.1
206,63a32e5c-f63a-450d-85cb-140947b67eaf,c4432264-e1ae-446f-8a07-6280abade813,probe00,mainenlab,ZFM-01576,PPC,2020-12-01,0,,,,,,,,,,"[2, 15]","[20, 80]",,17.5
207,63a32e5c-f63a-450d-85cb-140947b67eaf,c4432264-e1ae-446f-8a07-6280abade813,probe00,mainenlab,ZFM-01576,CA1,2020-12-01,58,14.0,1.8133811732510279,2.8880371913549188,139.20697731278042,,0.45895245913127053,33.51114130043773,-137.8276,-168.52542,"[2, 15]","[20, 80]",5182392.0,17.5
208,63a32e5c-f63a-450d-85cb-140947b67eaf,c4432264-e1ae-446f-8a07-6280abade813,probe00,mainenlab,ZFM-01576,DG,2020-12-01,54,1.0,,,,,,,-128.4838,-159.93271,"[2, 15]","[20, 80]",4961509.0,17.5
209,63a32e5c-f63a-450d-85cb-140947b67eaf,c4432264-e1ae-446f-8a07-6280abade813,probe00,mainenlab,ZFM-01576,LP,2020-12-01,0,,,,,,,,,,"[2, 15]","[20, 80]",,17.5
210,63a32e5c-f63a-450d-85cb-140947b67eaf,c4432264-e1ae-446f-8a07-6280abade813,probe00,mainenlab,ZFM-01576,PO,2020-12-01,0,,,,,,,,,,"[2, 15]","[20, 80]",,17.5
211,9657af01-50bd-4120-8303-416ad9e24a51,7f6b86f9-879a-4ea2-8531-294a221af5d0,probe00,zadorlab,CSH_ZAD_019,PPC,2020-08-14,96,13.0,1.282682569892718,1.9829425439935484,148.65367473035164,226.97544642857136,0.4030499994032896,36.92475840404946,-143.01907,-175.13591,"[2, 15]","[20, 80]",5286005.0,21.1
212,9657af01-50bd-4120-8303-416ad9e24a51,7f6b86f9-879a-4ea2-8531-294a221af5d0,probe00,zadorlab,CSH_ZAD_019,CA1,2020-08-14,62,11.0,2.8748495970560626,9.306496493358662,120.46671108220463,160.86237980769232,0.4569684897723771,31.527584722512128,-127.93278,-159.49591,"[2, 15]","[20, 80]",5023316.5,21.1
213,9657af01-50bd-4120-8303-416ad9e24a51,7f6b86f9-879a-4ea2-8531-294a221af5d0,probe00,zadorlab,CSH_ZAD_019,DG,2020-08-14,60,6.0,0.30793082043693887,0.5244301132113457,112.97776442307692,143.00738324175825,0.3827024628249538,23.357936984890113,-121.01912,-151.34142,"[2, 15]","[20, 80]",4775514.0,21.1
214,9657af01-50bd-4120-8303-416ad9e24a51,7f6b86f9-879a-4ea2-8531-294a221af5d0,probe00,zadorlab,CSH_ZAD_019,LP,2020-08-14,0,,,,,,,,,,"[2, 15]","[20, 80]",,21.1
215,9657af01-50bd-4120-8303-416ad9e24a51,7f6b86f9-879a-4ea2-8531-294a221af5d0,probe00,zadorlab,CSH_ZAD_019,PO,2020-08-14,0,,,,,,,,,,"[2, 15]","[20, 80]",,21.1
216,dab512bd-a02d-4c1f-8dbc-9155a163efc0,d23a44ef-1402-4ed7-97f5-47e9a7a504d9,probe00,danlab,DY_016,PPC,2020-09-12,28,9.0,6.08297332481547,5.454724668408101,111.2926857112522,127.98726611226613,0.40978156563622725,17.884116368064586,-157.74757,-194.80975,"[2, 15]","[20, 80]",4707463.0,20.5
217,dab512bd-a02d-4c1f-8dbc-9155a163efc0,d23a44ef-1402-4ed7-97f5-47e9a7a504d9,probe00,danlab,DY_016,CA1,2020-09-12,56,17.0,3.831635406409888,8.057102636119268,116.11137350429624,145.05208333333331,0.4386863580224523,17.803832900472454,-140.983,-175.54422,"[2, 15]","[20, 80]",5120825.5,20.5
218,dab512bd-a02d-4c1f-8dbc-9155a163efc0,d23a44ef-1402-4ed7-97f5-47e9a7a504d9,probe00,danlab,DY_016,DG,2020-09-12,66,10.0,3.0692876875502737,3.8450453126551123,117.72227396519077,157.73127480158726,0.43634463021409775,17.749601703469022,-126.77568,-156.63057,"[2, 15]","[20, 80]",5247654.5,20.5
219,dab512bd-a02d-4c1f-8dbc-9155a163efc0,d23a44ef-1402-4ed7-97f5-47e9a7a504d9,probe00,danlab,DY_016,LP,2020-09-12,62,24.0,6.096737557851727,8.216190956249017,113.81791777618072,139.98144531249997,0.44977582769426516,17.297557097587145,-147.99777,-183.04312,"[2, 15]","[20, 80]",7196631.5,20.5
220,dab512bd-a02d-4c1f-8dbc-9155a163efc0,d23a44ef-1402-4ed7-97f5-47e9a7a504d9,probe00,danlab,DY_016,PO,2020-09-12,82,32.0,4.439169573495365,5.734745042974922,117.22244699371572,157.4629934210526,0.4857493570967574,17.96809075046466,-156.02759,-189.6369,"[2, 15]","[20, 80]",7886736.5,20.5
